Record Length,2.50E+03,,0,50,,0,,,,,
Sample Interval,4.00E-04,,0.0004,50,,0,,,,,
Trigger Point,0.00E+00,,0.0008,50,,0,,simulink,,,
,,,0.0012,50,,0,,tout,Vact,,
,,,0.0016,49.6,,-1.25,,0,0,0,0
,,,0.002,49.6,,-1.25,,0.00125,7.878476839,0.007,0
Source,CH1,,0.0024,49.6,,-1.25,,0.0025,15.22624861,0.014,0
Vertical Units,V,,0.0028,50,,0,,0.00375,22.06845353,0.021,0
Vertical Scale,1.00E+01,,0.0032,50,,0,,0.005,28.43056158,0.028,0
Vertical Offset,-8.60E+01,,0.0036,50,,0,,0.007273685,38.85465814,0.035,0
Horizontal Units,s,,0.004,50,,0,,0.009547371,47.92462719,0.042,0
Horizontal Scale,1.00E-01,,0.0044,50,,0,,0.01193948,56.16280116,0.049,0
Pt Fmt,Y,,0.0048,50,,0,,0.014331589,63.2191251,0.056,0
Yzero,0.00E+00,,0.0052,50,,0,,0.016513995,68.74927006,0.063,0
Probe Atten,1.00E+01,,0.0056,50,,0,,0.018696401,73.51846132,0.07,0
Model Number,TDS2022B,,0.006,49.6,,-1.25,,0.02071134,77.32609367,0.077,0
Serial Number,C051976,,0.0064,50,,0,,0.022726279,80.62988928,0.084,0
Firmware Version,FV:v22.01,,0.0068,49.6,,-1.25,,0.024722848,83.46539059,0.091,0
,,,0.0072,50,,0,,0.026719416,85.9173279,0.098,0
,,,0.0076,50,,0,,0.028741273,88.05761516,0.105,0
,,,0.008,50,,0,,0.030763129,89.89650463,0.112,0
,,,0.0084,50,,0,,0.03283319,91.50754083,0.119,0
,,,0.0088,50,,0,,0.034903252,92.88023007,0.126,0
,,,0.0092,50,,0,,0.037039274,94.08121029,0.133,0
,,,0.0096,50,,0,,0.039175295,95.09422524,0.14,0
,,,0.01,50,,0,,0.041393584,95.97647539,0.147,0
,,,0.0104,50,,0,,0.043611872,96.71173387,0.154,0
,,,0.0108,49.6,,-1.25,,0.045929037,97.3474286,0.161,0
,,,0.0112,50,,0,,0.048246203,97.86965208,0.168,0
,,,0.0116,49.6,,-1.25,,0.050680339,98.31663958,0.175,0
,,,0.012,50.4,,1.25,,0.053114475,98.67753851,0.182,0
,,,0.0124,50,,0,,0.055686227,98.98236006,0.189,0
,,,0.0128,50,,0,,0.058257979,99.22330424,0.196,0
,,,0.0132,50,,0,,0.060991734,99.42327105,0.203,0
,,,0.0136,50,,0,,0.063725489,99.57716062,0.21,0
,,,0.014,50,,0,,0.066650898,99.70189579,0.217,0
,,,0.0144,50,,0,,0.069576307,99.79457473,0.224,0
,,,0.0148,50,,0,,0.072730388,99.86723216,0.231,0
,,,0.0152,50,,0,,0.075884469,99.91862291,0.238,0
,,,0.0156,49.2,,-2.5,,0.079314702,99.95690101,0.245,0
,,,0.016,50,,0,,0.082744935,99.98196044,0.2508,0
,,,0.0164,49.6,,-1.25,,0.08651404,99.99897942,0.2508,0
,,,0.0168,50.4,,1.25,,0.090283145,100.0085345,0.2508,2.32E-11
,,,0.0172,50,,0,,0.094476907,100.0136188,0.252351739,9.699785033
,,,0.0176,50,,0,,0.09867067,100.0151171,0.253903477,18.59109879
,,,0.018,50,,0,,0.103411623,100.014508,0.255455216,26.7221904
,,,0.0184,49.6,,-1.25,,0.108152576,100.0127034,0.257006954,34.14182305
,,,0.0188,49.6,,-1.25,,0.113626195,100.0102162,0.259305051,43.92540296
,,,0.0192,49.6,,-1.25,,0.119099814,100.0078011,0.261603147,52.40622947
,,,0.0196,49.6,,-1.25,,0.125611761,100.0054334,0.2640858,60.26995882
,,,0.02,49.6,,-1.25,,0.132123709,100.0036206,0.266568453,66.95060443
,,,0.0204,50,,0,,0.1402561,100.0021118,0.268681694,71.82104965
,,,0.0208,50,,0,,0.148388492,100.0011619,0.270794934,76.03331024
,,,0.0212,49.6,,-1.25,,0.159694745,100.0004947,0.272796136,79.48701981
,,,0.0216,50,,0,,0.171000998,100.0001771,0.274797337,82.48203262
,,,0.022,50,,0,,0.18819006,100.0000284,0.276798851,85.07358078
,,,0.0224,50,,0,,0.205379121,100.0000046,0.278800365,87.31049275
,,,0.0228,50,,0,,0.222363586,100.000022,0.280835461,89.26686217
,,,0.0232,50,,0,,0.23934805,99.99998949,0.282870557,90.94359866
,,,0.0236,50,,0,,0.258696095,99.99999547,0.284959832,92.41255546
,,,0.024,50,,0,,0.27804414,100.0000026,0.287049107,93.66040692
,,,0.0244,49.6,,-1.25,,0.301601634,99.99998681,0.289209594,94.7509128
,,,0.0248,50,,0,,0.325159128,100.0000115,0.291370082,95.66742472
,,,0.0252,50,,0,,0.348716622,100.0000334,0.293618035,96.46400528
,,,0.0256,50,,0,,0.372274116,99.99996817,0.295865989,97.12501633
,,,0.026,49.6,,-1.25,,0.397584035,100.0000355,0.298218375,97.69486711
,,,0.0264,50,,0,,0.422893954,99.99997526,0.300570762,98.16059013
,,,0.0268,50,,0,,0.438009431,99.99995458,0.30304637,98.55768372
,,,0.0272,50,,0,,0.453124909,100.0000082,0.305521979,98.87629074
,,,0.0276,50,,0,,0.468240386,100.0000011,0.308142506,99.14403201
,,,0.028,49.6,,-1.25,,0.483355863,100.0000006,0.310763034,99.35401658
,,,0.0284,50,,0,,0.511989416,100.0000043,0.313554359,99.5271172
,,,0.0288,50,,0,,0.540622968,99.99999538,0.316345684,99.65899271
,,,0.0292,50,,0,,0.566460267,100.0000106,0.31933954,99.7648929
,,,0.0296,50,,0,,0.592297567,99.99999131,0.322333396,99.84250264
,,,0.03,49.6,,-1.25,,0.612909326,99.99996867,0.325569737,99.90251481
,,,0.0304,50,,0,,0.633521085,100.0000246,0.328806079,99.94410124
,,,0.0308,49.6,,-1.25,,0.654132844,100.0000092,0.332336615,99.9743744
,,,0.0312,50,,0,,0.674744603,99.99999313,0.335867151,99.99349183
,,,0.0316,50,,0,,0.694624707,100.0000193,0.339760903,100.005855
,,,0.032,50,,0,,0.714504811,99.99998523,0.343654656,100.0121751
,,,0.0324,50,,0,,0.734384915,99.99998473,0.34800723,100.0148954
,,,0.0328,50,,0,,0.754265019,100.0000108,0.352359805,100.0149354
,,,0.0332,50,,0,,0.780899119,99.99997243,0.357310035,100.0134118
,,,0.0336,50,,0,,0.80753322,100.0000225,0.362260266,100.0112021
,,,0.034,50,,0,,0.824459149,100.0000363,0.368023245,100.0086069
,,,0.0344,49.6,,-1.25,,0.841385078,99.9999846,0.373786224,100.0063076
,,,0.0348,50,,0,,0.858311007,99.99999611,0.380729746,100.004179
,,,0.0352,49.6,,-1.25,,0.875236937,100.0000002,0.387673267,100.0026449
,,,0.0356,49.6,,-1.25,,0.905811878,99.9999606,0.394673267,100.0016277
,,,0.036,50,,0,,0.936386819,100.0000402,0.401673267,100.0009681
,,,0.0364,50,,0,,0.959013229,100.0000543,0.408673267,100.0005628
,,,0.0368,50,,0,,0.98163964,99.99994912,0.415673267,100.0003176
,,,0.0372,50,,0,,0.998783491,100.0000115,0.422673267,100.0001743
,,,0.0376,50,,0,,1.015927341,99.99998837,0.429673267,100.0000927
,,,0.038,50,,0,,1.033071191,99.99998934,0.436673267,100.0000473
,,,0.0384,50,,0,,1.050215042,100.0000043,0.443673267,100.000023
,,,0.0388,50,,0,,1.074933993,99.99999715,0.450673267,100.0000103
,,,0.0392,50,,0,,1.099652945,100.0000017,0.457673267,100.0000041
,,,0.0396,49.6,,-1.25,,1.121070499,100.0000224,0.464673267,100.0000012
,,,0.04,49.6,,-1.25,,1.142488053,99.99998143,0.471673267,100
,,,0.0404,49.6,,-1.25,,1.163905607,99.9999857,0.478673267,99.99999959
,,,0.0408,50.4,,1.25,,1.185323161,100.0000122,0.485673267,99.99999954
,,,0.0412,50,,0,,1.204822167,99.99998666,0.492673267,99.9999996
,,,0.0416,50,,0,,1.224321172,100.0000104,0.499673267,99.9999997
,,,0.042,50,,0,,1.243820177,100.0000139,0.506673267,99.99999979
,,,0.0424,50,,0,,1.263319182,99.99999054,0.513673267,99.99999986
,,,0.0428,49.6,,-1.25,,1.28883407,100.0000066,0.520673267,99.99999991
,,,0.0432,50,,0,,1.314348957,99.99999647,0.527673267,99.99999995
,,,0.0436,49.6,,-1.25,,1.332485096,99.99997443,0.534673267,99.99999997
,,,0.044,50,,0,,1.350621234,100.0000155,0.541673267,99.99999998
,,,0.0444,50,,0,,1.368757373,100.0000068,0.548673267,99.99999999
,,,0.0448,49.6,,-1.25,,1.386893511,99.99999728,0.555673267,99.99999999
,,,0.0452,50,,0,,1.411283149,100.0000143,0.562673267,100
,,,0.0456,50,,0,,1.435672787,99.9999873,0.569673267,100
,,,0.046,50,,0,,1.460062424,99.99995094,0.576673267,100
,,,0.0464,50,,0,,1.484452062,100.0000479,0.583673267,100
,,,0.0468,50,,0,,1.508441777,99.99997179,0.590673267,100
,,,0.0472,50,,0,,1.532431492,100.0000174,0.597673267,100
,,,0.0476,50,,0,,1.547540108,100.0000445,0.604673267,100
,,,0.048,50,,0,,1.562648723,99.9999913,0.611673267,100
,,,0.0484,49.6,,-1.25,,1.577757339,99.99999865,0.618673267,100
,,,0.0488,50,,0,,1.592865954,99.99999941,0.625673267,100
,,,0.0492,49.6,,-1.25,,1.621675991,99.99999529,0.632673267,100
,,,0.0496,49.6,,-1.25,,1.650486027,100.0000051,0.639673267,100
,,,0.05,50,,0,,1.67644863,99.99998958,0.646673267,100
,,,0.0504,50,,0,,1.702411234,100.0000083,0.653673267,100
,,,0.0508,50,,0,,1.722536015,100.0000304,0.660673267,100
,,,0.0512,50,,0,,1.742660796,99.99997707,0.667673267,100
,,,0.0516,50,,0,,1.762785577,99.99999091,0.674673267,100
,,,0.052,49.6,,-1.25,,1.782910358,100.0000061,0.681673267,100
,,,0.0524,50,,0,,1.803475067,99.99998202,0.688673267,100
,,,0.0528,50.4,,1.25,,1.824039776,100.0000143,0.695673267,100
,,,0.0532,50,,0,,1.844604484,100.0000183,0.697836634,100
,,,0.0536,50,,0,,1.865169193,99.99998588,0.7,100
,,,0.054,49.6,,-1.25,,1.891162663,100.0000262,,
,,,0.0544,50,,0,,1.917156133,99.99997958,,
,,,0.0548,49.6,,-1.25,,1.933859222,99.99996342,,
,,,0.0552,50.4,,1.25,,1.950562312,100.0000148,,
,,,0.0556,50,,0,,1.967265401,100.0000039,,
,,,0.056,49.6,,-1.25,,1.983968491,99.99999985,,
,,,0.0564,50,,0,,2.015351611,100.0000393,,
,,,0.0568,50,,0,,2.046734732,99.99995954,,
,,,0.0572,49.6,,-1.25,,2.06920853,99.99994759,,
,,,0.0576,50,,0,,2.091682329,100.0000486,,
,,,0.058,50,,0,,2.108973809,99.99998775,,
,,,0.0584,49.6,,-1.25,,2.12626529,100.0000119,,
,,,0.0588,50,,0,,2.14355677,100.0000113,,
,,,0.0592,50,,0,,2.16084825,99.99999523,,
,,,0.0596,50,,0,,2.185324823,100.0000026,,
,,,0.06,50,,0,,2.209801396,99.99999859,,
,,,0.0604,49.6,,-1.25,,2.231088469,99.99997754,,
,,,0.0608,50,,0,,2.252375542,100.0000185,,
,,,0.0612,49.6,,-1.25,,2.273662615,100.0000144,,
,,,0.0616,50,,0,,2.294949688,99.99998787,,
,,,0.062,50,,0,,2.314827374,100.0000141,,
,,,0.0624,50,,0,,2.33470506,99.99998892,,
,,,0.0628,50,,0,,2.354582746,99.99998326,,
,,,0.0632,50,,0,,2.374460432,100.000012,,
,,,0.0636,49.6,,-1.25,,2.399258658,99.99999442,,
,,,0.064,50,,0,,2.424056884,100.0000024,,
,,,0.0644,49.6,,-1.25,,2.44212955,100.0000259,,
,,,0.0648,50,,0,,2.460202216,99.99998429,,
,,,0.0652,50,,0,,2.478274882,99.99999294,,
,,,0.0656,50,,0,,2.496347548,100.0000028,,
,,,0.066,50,,0,,2.521133056,99.99998471,,
,,,0.0664,49.6,,-1.25,,2.545918564,100.0000136,,
,,,0.0668,50,,0,,2.570704072,100.00006,,
,,,0.0672,49.6,,-1.25,,2.59548958,99.9999408,,
,,,0.0676,50,,0,,2.618799396,100.0000242,,
,,,0.068,50,,0,,2.642109212,99.99998594,,
,,,0.0684,50,,0,,2.657235851,99.99995584,,
,,,0.0688,49.6,,-1.25,,2.672362489,100.0000091,,
,,,0.0692,50,,0,,2.687489128,100.0000015,,
,,,0.0696,50,,0,,2.702615766,100.0000006,,
,,,0.07,50,,0,,2.731556692,100.0000052,,
,,,0.0704,50,,0,,2.760497618,99.99999438,,
,,,0.0708,49.6,,-1.25,,2.786656907,100.00001,,
,,,0.0712,49.6,,-1.25,,2.812816197,99.99999231,,
,,,0.0716,50,,0,,2.832386865,99.99997059,,
,,,0.072,50,,0,,2.851957533,100.000021,,
,,,0.0724,50,,0,,2.871528201,100.0000087,,
,,,0.0728,50,,0,,2.891098869,99.99999484,,
,,,0.0732,49.6,,-1.25,,2.912422618,100.0000163,,
,,,0.0736,49.6,,-1.25,,2.933746367,99.99998667,,
,,,0.074,50,,0,,2.955070116,99.99997841,,
,,,0.0744,50,,0,,2.976393865,100.000018,,
,,,0.0748,50,,0,,3.001979107,99.9999745,,
,,,0.0752,50,,0,,3.027564349,100.0000188,,
,,,0.0756,50,,0,,3.043936463,100.0000372,,
,,,0.076,50,,0,,3.060308576,99.99998633,,
,,,0.0764,50,,0,,3.07668069,99.99999634,,
,,,0.0768,50,,0,,3.093052804,99.99999998,,
,,,0.0772,49.6,,-1.25,,3.12482242,99.99996693,,
,,,0.0776,49.6,,-1.25,,3.156592037,100.0000343,,
,,,0.078,50,,0,,3.180548785,100.000056,,
,,,0.0784,50,,0,,3.204505534,99.99994298,,
,,,0.0788,50,,0,,3.220719297,100.0000097,,
,,,0.0792,50,,0,,3.236933059,99.99998952,,
,,,0.0796,50,,0,,3.253146822,99.99999339,,
,,,0.08,50,,0,,3.269360585,100.0000015,,
,,,0.0804,50.4,,1.25,,3.2974276,99.99999264,,
,,,0.0808,50,,0,,3.325494615,100.0000065,,
,,,0.0812,50,,0,,3.34714141,100.0000237,,
,,,0.0816,50,,0,,3.368788205,99.99997993,,
,,,0.082,50,,0,,3.390435001,99.99999425,,
,,,0.0824,50,,0,,3.412081796,100.0000055,,
,,,0.0828,49.6,,-1.25,,3.431589592,99.99997882,,
,,,0.0832,50,,0,,3.451097388,100.0000157,,
,,,0.0836,50,,0,,3.470605184,100.0000132,,
,,,0.084,50,,0,,3.49011298,99.99999131,,
,,,0.0844,50,,0,,3.518046967,100.0000397,,
,,,0.0848,50,,0,,3.545980954,99.99996525,,
,,,0.0852,50,,0,,3.562502899,99.99995901,,
,,,0.0856,49.6,,-1.25,,3.579024845,100.0000143,,
,,,0.086,50,,0,,3.595546791,100.0000028,,
,,,0.0864,50,,0,,3.612068737,100.0000004,,
,,,0.0868,49.6,,-1.25,,3.640606179,100.0000208,,
,,,0.0872,50,,0,,3.669143621,99.99997896,,
,,,0.0876,50,,0,,3.700508221,99.99987278,,
,,,0.088,50.4,,1.25,,3.731872822,100.0001516,,
,,,0.0884,50,,0,,3.743755468,100.0000163,,
,,,0.0888,50,,0,,3.755638114,100.000003,,
,,,0.0892,50,,0,,3.767520759,99.99999448,,
,,,0.0896,49.6,,-1.25,,3.779403405,99.99999786,,
,,,0.09,50,,0,,3.799817521,99.99999285,,
,,,0.0904,50,,0,,3.820231637,100.0000055,,
,,,0.0908,50,,0,,3.848993312,100.00001,,
,,,0.0912,50,,0,,3.877754987,99.99998659,,
,,,0.0916,50,,0,,3.893991175,100.0000124,,
,,,0.092,49.6,,-1.25,,3.910227363,99.99999341,,
,,,0.0924,49.6,,-1.25,,3.926463551,99.99999702,,
,,,0.0928,49.6,,-1.25,,3.942699738,100.0000005,,
,,,0.0932,50,,0,,3.981873608,99.99995578,,
,,,0.0936,50,,0,,4.021047478,100.0000471,,
,,,0.094,50,,0,,4.038071746,100.0000348,,
,,,0.0944,50,,0,,4.055096013,99.99998765,,
,,,0.0948,50,,0,,4.072120281,99.99999999,,
,,,0.0952,50,,0,,4.089144549,99.99999862,,
,,,0.0956,50,,0,,4.115023103,99.99998476,,
,,,0.096,50,,0,,4.140901656,100.000015,,
,,,0.0964,50,,0,,4.171777217,100.0000349,,
,,,0.0968,50,,0,,4.202652777,99.99995075,,
,,,0.0972,50,,0,,4.215474905,100.0000167,,
,,,0.0976,50,,0,,4.228297033,100.0000018,,
,,,0.098,50,,0,,4.241119161,100.0000043,,
,,,0.0984,50,,0,,4.253941289,100.0000009,,
,,,0.0988,50,,0,,4.277527291,100.0000056,,
,,,0.0992,50,,0,,4.301113294,99.99999481,,
,,,0.0996,50,,0,,4.335634534,99.99997509,,
,,,0.1,50,,0,,4.370155775,100.0000338,,
,,,0.1004,50,,0,,4.383282268,99.99998622,,
,,,0.1008,50,,0,,4.396408761,99.99999965,,
,,,0.1012,49.6,,-1.25,,4.409535255,99.99999741,,
,,,0.1016,50,,0,,4.422661748,99.99999965,,
,,,0.102,50,,0,,4.448370143,99.99999474,,
,,,0.1024,50,,0,,4.474078539,100.0000051,,
,,,0.1028,49.6,,-1.25,,4.511673224,100.0000702,,
,,,0.1032,50,,0,,4.54926791,99.99991472,,
,,,0.1036,49.6,,-1.25,,4.560535563,99.9999974,,
,,,0.104,50,,0,,4.571803217,100.0000035,,
,,,0.1044,50,,0,,4.58307087,100.0000069,,
,,,0.1048,50,,0,,4.594338523,100.0000032,,
,,,0.1052,49.6,,-1.25,,4.615528417,100.0000087,,
,,,0.1056,49.6,,-1.25,,4.63671831,99.99999282,,
,,,0.106,50,,0,,4.665773706,99.99999711,,
,,,0.1064,50,,0,,4.694829102,100.0000076,,
,,,0.1068,50,,0,,4.710697653,99.99998016,,
,,,0.1072,50,,0,,4.726566203,100.0000079,,
,,,0.1076,49.6,,-1.25,,4.742434754,100.0000027,,
,,,0.108,50,,0,,4.758303304,99.99999993,,
,,,0.1084,50,,0,,4.792654766,100.000022,,
,,,0.1088,49.6,,-1.25,,4.827006229,99.99997678,,
,,,0.1092,50,,0,,4.850740765,99.99995851,,
,,,0.1096,50,,0,,4.8744753,100.0000413,,
,,,0.11,50,,0,,4.892324978,99.99998722,,
,,,0.1104,50,,0,,4.910174655,100.0000117,,
,,,0.1108,49.6,,-1.25,,4.928024332,100.0000136,,
,,,0.1112,49.6,,-1.25,,4.945874009,99.99999313,,
,,,0.1116,50,,0,,4.969604403,100.0000011,,
,,,0.112,50,,0,,4.993334797,100.0000001,,
,,,0.1124,50,,0,,4.996667399,99.99999896,,
,,,0.1128,50,,0,,5,99.99999837,,
,,,0.1132,50,,0,,,,,
,,,0.1136,50,,0,,,,,
,,,0.114,49.6,,-1.25,,,,,
,,,0.1144,50,,0,,,,,
,,,0.1148,50,,0,,,,,
,,,0.1152,49.6,,-1.25,,,,,
,,,0.1156,50,,0,,,,,
,,,0.116,49.6,,-1.25,,,,,
,,,0.1164,50,,0,,,,,
,,,0.1168,49.6,,-1.25,,,,,
,,,0.1172,50,,0,,,,,
,,,0.1176,50,,0,,,,,
,,,0.118,50,,0,,,,,
,,,0.1184,50,,0,,,,,
,,,0.1188,49.6,,-1.25,,,,,
,,,0.1192,49.6,,-1.25,,,,,
,,,0.1196,50,,0,,,,,
,,,0.12,50.4,,1.25,,,,,
,,,0.1204,49.6,,-1.25,,,,,
,,,0.1208,49.6,,-1.25,,,,,
,,,0.1212,50,,0,,,,,
,,,0.1216,50,,0,,,,,
,,,0.122,50,,0,,,,,
,,,0.1224,50,,0,,,,,
,,,0.1228,50,,0,,,,,
,,,0.1232,50,,0,,,,,
,,,0.1236,50,,0,,,,,
,,,0.124,50,,0,,,,,
,,,0.1244,49.6,,-1.25,,,,,
,,,0.1248,50,,0,,,,,
,,,0.1252,50,,0,,,,,
,,,0.1256,49.6,,-1.25,,,,,
,,,0.126,50,,0,,,,,
,,,0.1264,50,,0,,,,,
,,,0.1268,49.6,,-1.25,,,,,
,,,0.1272,50,,0,,,,,
,,,0.1276,50,,0,,,,,
,,,0.128,50,,0,,,,,
,,,0.1284,50,,0,,,,,
,,,0.1288,49.6,,-1.25,,,,,
,,,0.1292,49.6,,-1.25,,,,,
,,,0.1296,49.6,,-1.25,,,,,
,,,0.13,49.6,,-1.25,,,,,
,,,0.1304,50,,0,,,,,
,,,0.1308,50,,0,,,,,
,,,0.1312,50,,0,,,,,
,,,0.1316,50,,0,,,,,
,,,0.132,50,,0,,,,,
,,,0.1324,49.6,,-1.25,,,,,
,,,0.1328,49.6,,-1.25,,,,,
,,,0.1332,49.6,,-1.25,,,,,
,,,0.1336,50,,0,,,,,
,,,0.134,50,,0,,,,,
,,,0.1344,50,,0,,,,,
,,,0.1348,49.6,,-1.25,,,,,
,,,0.1352,50,,0,,,,,
,,,0.1356,49.6,,-1.25,,,,,
,,,0.136,50,,0,,,,,
,,,0.1364,50,,0,,,,,
,,,0.1368,50,,0,,,,,
,,,0.1372,49.6,,-1.25,,,,,
,,,0.1376,50,,0,,,,,
,,,0.138,50,,0,,,,,
,,,0.1384,50,,0,,,,,
,,,0.1388,49.6,,-1.25,,,,,
,,,0.1392,49.6,,-1.25,,,,,
,,,0.1396,49.6,,-1.25,,,,,
,,,0.14,50,,0,,,,,
,,,0.1404,50,,0,,,,,
,,,0.1408,50,,0,,,,,
,,,0.1412,50,,0,,,,,
,,,0.1416,50,,0,,,,,
,,,0.142,49.6,,-1.25,,,,,
,,,0.1424,50,,0,,,,,
,,,0.1428,50,,0,,,,,
,,,0.1432,49.6,,-1.25,,,,,
,,,0.1436,50,,0,,,,,
,,,0.144,49.6,,-1.25,,,,,
,,,0.1444,50,,0,,,,,
,,,0.1448,50,,0,,,,,
,,,0.1452,49.6,,-1.25,,,,,
,,,0.1456,50,,0,,,,,
,,,0.146,50,,0,,,,,
,,,0.1464,50,,0,,,,,
,,,0.1468,50,,0,,,,,
,,,0.1472,49.6,,-1.25,,,,,
,,,0.1476,50,,0,,,,,
,,,0.148,50,,0,,,,,
,,,0.1484,50,,0,,,,,
,,,0.1488,49.6,,-1.25,,,,,
,,,0.1492,50.4,,1.25,,,,,
,,,0.1496,50,,0,,,,,
,,,0.15,50,,0,,,,,
,,,0.1504,50,,0,,,,,
,,,0.1508,50,,0,,,,,
,,,0.1512,50,,0,,,,,
,,,0.1516,50,,0,,,,,
,,,0.152,50,,0,,,,,
,,,0.1524,49.6,,-1.25,,,,,
,,,0.1528,49.6,,-1.25,,,,,
,,,0.1532,50,,0,,,,,
,,,0.1536,49.6,,-1.25,,,,,
,,,0.154,50,,0,,,,,
,,,0.1544,50,,0,,,,,
,,,0.1548,50,,0,,,,,
,,,0.1552,50,,0,,,,,
,,,0.1556,50,,0,,,,,
,,,0.156,49.6,,-1.25,,,,,
,,,0.1564,50,,0,,,,,
,,,0.1568,49.6,,-1.25,,,,,
,,,0.1572,50,,0,,,,,
,,,0.1576,49.6,,-1.25,,,,,
,,,0.158,49.6,,-1.25,,,,,
,,,0.1584,49.6,,-1.25,,,,,
,,,0.1588,50,,0,,,,,
,,,0.1592,50,,0,,,,,
,,,0.1596,50,,0,,,,,
,,,0.16,50,,0,,,,,
,,,0.1604,49.6,,-1.25,,,,,
,,,0.1608,50,,0,,,,,
,,,0.1612,50,,0,,,,,
,,,0.1616,50,,0,,,,,
,,,0.162,49.6,,-1.25,,,,,
,,,0.1624,49.6,,-1.25,,,,,
,,,0.1628,49.6,,-1.25,,,,,
,,,0.1632,50,,0,,,,,
,,,0.1636,50,,0,,,,,
,,,0.164,49.6,,-1.25,,,,,
,,,0.1644,50,,0,,,,,
,,,0.1648,50,,0,,,,,
,,,0.1652,50,,0,,,,,
,,,0.1656,50,,0,,,,,
,,,0.166,50,,0,,,,,
,,,0.1664,50,,0,,,,,
,,,0.1668,49.6,,-1.25,,,,,
,,,0.1672,49.6,,-1.25,,,,,
,,,0.1676,50,,0,,,,,
,,,0.168,50,,0,,,,,
,,,0.1684,50,,0,,,,,
,,,0.1688,50,,0,,,,,
,,,0.1692,50,,0,,,,,
,,,0.1696,50,,0,,,,,
,,,0.17,50,,0,,,,,
,,,0.1704,50,,0,,,,,
,,,0.1708,50,,0,,,,,
,,,0.1712,50,,0,,,,,
,,,0.1716,49.6,,-1.25,,,,,
,,,0.172,50,,0,,,,,
,,,0.1724,50,,0,,,,,
,,,0.1728,50,,0,,,,,
,,,0.1732,50,,0,,,,,
,,,0.1736,49.6,,-1.25,,,,,
,,,0.174,50,,0,,,,,
,,,0.1744,50,,0,,,,,
,,,0.1748,50,,0,,,,,
,,,0.1752,50,,0,,,,,
,,,0.1756,50,,0,,,,,
,,,0.176,49.6,,-1.25,,,,,
,,,0.1764,49.6,,-1.25,,,,,
,,,0.1768,50,,0,,,,,
,,,0.1772,50,,0,,,,,
,,,0.1776,50,,0,,,,,
,,,0.178,50,,0,,,,,
,,,0.1784,50,,0,,,,,
,,,0.1788,50,,0,,,,,
,,,0.1792,50,,0,,,,,
,,,0.1796,50,,0,,,,,
,,,0.18,50,,0,,,,,
,,,0.1804,50,,0,,,,,
,,,0.1808,50,,0,,,,,
,,,0.1812,49.6,,-1.25,,,,,
,,,0.1816,49.6,,-1.25,,,,,
,,,0.182,50,,0,,,,,
,,,0.1824,50,,0,,,,,
,,,0.1828,50,,0,,,,,
,,,0.1832,50,,0,,,,,
,,,0.1836,49.6,,-1.25,,,,,
,,,0.184,50,,0,,,,,
,,,0.1844,50,,0,,,,,
,,,0.1848,50,,0,,,,,
,,,0.1852,50,,0,,,,,
,,,0.1856,50.4,,1.25,,,,,
,,,0.186,50,,0,,,,,
,,,0.1864,50,,0,,,,,
,,,0.1868,50,,0,,,,,
,,,0.1872,50,,0,,,,,
,,,0.1876,50,,0,,,,,
,,,0.188,50,,0,,,,,
,,,0.1884,50.4,,1.25,,,,,
,,,0.1888,50,,0,,,,,
,,,0.1892,50,,0,,,,,
,,,0.1896,50,,0,,,,,
,,,0.19,49.6,,-1.25,,,,,
,,,0.1904,49.6,,-1.25,,,,,
,,,0.1908,50,,0,,,,,
,,,0.1912,49.6,,-1.25,,,,,
,,,0.1916,50,,0,,,,,
,,,0.192,49.6,,-1.25,,,,,
,,,0.1924,50,,0,,,,,
,,,0.1928,50,,0,,,,,
,,,0.1932,50,,0,,,,,
,,,0.1936,50,,0,,,,,
,,,0.194,50,,0,,,,,
,,,0.1944,49.6,,-1.25,,,,,
,,,0.1948,49.6,,-1.25,,,,,
,,,0.1952,50,,0,,,,,
,,,0.1956,49.6,,-1.25,,,,,
,,,0.196,50,,0,,,,,
,,,0.1964,50,,0,,,,,
,,,0.1968,49.6,,-1.25,,,,,
,,,0.1972,50,,0,,,,,
,,,0.1976,50,,0,,,,,
,,,0.198,49.6,,-1.25,,,,,
,,,0.1984,50,,0,,,,,
,,,0.1988,50,,0,,,,,
,,,0.1992,50,,0,,,,,
,,,0.1996,50,,0,,,,,
,,,0.2,49.6,,-1.25,,,,,
,,,0.2004,50,,0,,,,,
,,,0.2008,50,,0,,,,,
,,,0.2012,50,,0,,,,,
,,,0.2016,50,,0,,,,,
,,,0.202,50,,0,,,,,
,,,0.2024,50,,0,,,,,
,,,0.2028,50,,0,,,,,
,,,0.2032,50,,0,,,,,
,,,0.2036,50,,0,,,,,
,,,0.204,50,,0,,,,,
,,,0.2044,50,,0,,,,,
,,,0.2048,50,,0,,,,,
,,,0.2052,49.6,,-1.25,,,,,
,,,0.2056,50,,0,,,,,
,,,0.206,50,,0,,,,,
,,,0.2064,49.6,,-1.25,,,,,
,,,0.2068,50,,0,,,,,
,,,0.2072,50,,0,,,,,
,,,0.2076,49.6,,-1.25,,,,,
,,,0.208,50,,0,,,,,
,,,0.2084,50,,0,,,,,
,,,0.2088,49.6,,-1.25,,,,,
,,,0.2092,49.6,,-1.25,,,,,
,,,0.2096,49.6,,-1.25,,,,,
,,,0.21,49.6,,-1.25,,,,,
,,,0.2104,50,,0,,,,,
,,,0.2108,50,,0,,,,,
,,,0.2112,50,,0,,,,,
,,,0.2116,49.6,,-1.25,,,,,
,,,0.212,50,,0,,,,,
,,,0.2124,50,,0,,,,,
,,,0.2128,50,,0,,,,,
,,,0.2132,50,,0,,,,,
,,,0.2136,49.6,,-1.25,,,,,
,,,0.214,50,,0,,,,,
,,,0.2144,49.6,,-1.25,,,,,
,,,0.2148,50.4,,1.25,,,,,
,,,0.2152,50,,0,,,,,
,,,0.2156,50,,0,,,,,
,,,0.216,50,,0,,,,,
,,,0.2164,50,,0,,,,,
,,,0.2168,50.4,,1.25,,,,,
,,,0.2172,50,,0,,,,,
,,,0.2176,50,,0,,,,,
,,,0.218,50,,0,,,,,
,,,0.2184,50,,0,,,,,
,,,0.2188,49.6,,-1.25,,,,,
,,,0.2192,50,,0,,,,,
,,,0.2196,50,,0,,,,,
,,,0.22,50,,0,,,,,
,,,0.2204,50,,0,,,,,
,,,0.2208,50,,0,,,,,
,,,0.2212,50,,0,,,,,
,,,0.2216,50,,0,,,,,
,,,0.222,49.6,,-1.25,,,,,
,,,0.2224,50,,0,,,,,
,,,0.2228,50,,0,,,,,
,,,0.2232,50,,0,,,,,
,,,0.2236,50,,0,,,,,
,,,0.224,49.6,,-1.25,,,,,
,,,0.2244,50,,0,,,,,
,,,0.2248,50,,0,,,,,
,,,0.2252,50,,0,,,,,
,,,0.2256,50,,0,,,,,
,,,0.226,50,,0,,,,,
,,,0.2264,49.6,,-1.25,,,,,
,,,0.2268,49.6,,-1.25,,,,,
,,,0.2272,50,,0,,,,,
,,,0.2276,49.6,,-1.25,,,,,
,,,0.228,50,,0,,,,,
,,,0.2284,49.6,,-1.25,,,,,
,,,0.2288,50,,0,,,,,
,,,0.2292,50,,0,,,,,
,,,0.2296,50,,0,,,,,
,,,0.23,50,,0,,,,,
,,,0.2304,50,,0,,,,,
,,,0.2308,50,,0,,,,,
,,,0.2312,50,,0,,,,,
,,,0.2316,50,,0,,,,,
,,,0.232,49.6,,-1.25,,,,,
,,,0.2324,50,,0,,,,,
,,,0.2328,50,,0,,,,,
,,,0.2332,50,,0,,,,,
,,,0.2336,50,,0,,,,,
,,,0.234,50,,0,,,,,
,,,0.2344,50,,0,,,,,
,,,0.2348,50,,0,,,,,
,,,0.2352,50,,0,,,,,
,,,0.2356,50,,0,,,,,
,,,0.236,50,,0,,,,,
,,,0.2364,50,,0,,,,,
,,,0.2368,49.6,,-1.25,,,,,
,,,0.2372,49.6,,-1.25,,,,,
,,,0.2376,49.6,,-1.25,,,,,
,,,0.238,50,,0,,,,,
,,,0.2384,50,,0,,,,,
,,,0.2388,49.6,,-1.25,,,,,
,,,0.2392,50,,0,,,,,
,,,0.2396,50,,0,,,,,
,,,0.24,50,,0,,,,,
,,,0.2404,50,,0,,,,,
,,,0.2408,50,,0,,,,,
,,,0.2412,50,,0,,,,,
,,,0.2416,49.6,,-1.25,,,,,
,,,0.242,50,,0,,,,,
,,,0.2424,49.6,,-1.25,,,,,
,,,0.2428,50,,0,,,,,
,,,0.2432,50,,0,,,,,
,,,0.2436,50,,0,,,,,
,,,0.244,50,,0,,,,,
,,,0.2444,50,,0,,,,,
,,,0.2448,50,,0,,,,,
,,,0.2452,50,,0,,,,,
,,,0.2456,49.6,,-1.25,,,,,
,,,0.246,50,,0,,,,,
,,,0.2464,49.6,,-1.25,,,,,
,,,0.2468,50,,0,,,,,
,,,0.2472,49.6,,-1.25,,,,,
,,,0.2476,49.6,,-1.25,,,,,
,,,0.248,50,,0,,,,,
,,,0.2484,50,,0,,,,,
,,,0.2488,49.6,,-1.25,,,,,
,,,0.2492,50,,0,,,,,
,,,0.2496,50,,0,,,,,
,,,0.25,50,,0,,,,,
,,,0.2504,50,,0,,,,,
,,,0.2508,50,,0,,,,,
,,,0.2512,49.6,,-1.25,,,,,
,,,0.2516,50,,0,,,,,
,,,0.252,49.6,,-1.25,,,,,
,,,0.2524,50,,0,,,,,
,,,0.2528,51.2,,3.75,,,,,
,,,0.2532,50.4,,1.25,,,,,
,,,0.2536,50.8,,2.5,,,,,
,,,0.254,50.4,,1.25,,,,,
,,,0.2544,54,,12.5,,,,,
,,,0.2548,53.6,,11.25,,,,,
,,,0.2552,54,,12.5,,,,,
,,,0.2556,54,,12.5,,,,,
,,,0.256,54,,12.5,,,,,
,,,0.2564,53.6,,11.25,,,,,
,,,0.2568,58.4,,26.25,,,,,
,,,0.2572,58.4,,26.25,,,,,
,,,0.2576,58.4,,26.25,,,,,
,,,0.258,58.8,,27.5,,,,,
,,,0.2584,58.8,,27.5,,,,,
,,,0.2588,58.8,,27.5,,,,,
,,,0.2592,64,,43.75,,,,,
,,,0.2596,64.4,,45,,,,,
,,,0.26,64.4,,45,,,,,
,,,0.2604,64.4,,45,,,,,
,,,0.2608,64.4,,45,,,,,
,,,0.2612,64,,43.75,,,,,
,,,0.2616,70,,62.5,,,,,
,,,0.262,69.6,,61.25,,,,,
,,,0.2624,69.6,,61.25,,,,,
,,,0.2628,69.6,,61.25,,,,,
,,,0.2632,69.6,,61.25,,,,,
,,,0.2636,70,,62.5,,,,,
,,,0.264,74.4,,76.25,,,,,
,,,0.2644,74,,75,,,,,
,,,0.2648,74,,75,,,,,
,,,0.2652,74,,75,,,,,
,,,0.2656,74,,75,,,,,
,,,0.266,74,,75,,,,,
,,,0.2664,78,,87.5,,,,,
,,,0.2668,78,,87.5,,,,,
,,,0.2672,78,,87.5,,,,,
,,,0.2676,77.6,,86.25,,,,,
,,,0.268,77.6,,86.25,,,,,
,,,0.2684,80,,93.75,,,,,
,,,0.2688,80.8,,96.25,,,,,
,,,0.2692,80.8,,96.25,,,,,
,,,0.2696,80.8,,96.25,,,,,
,,,0.27,80.8,,96.25,,,,,
,,,0.2704,80.4,,95,,,,,
,,,0.2708,82.4,,101.25,,,,,
,,,0.2712,82,,100,,,,,
,,,0.2716,82,,100,,,,,
,,,0.272,82,,100,,,,,
,,,0.2724,82.4,,101.25,,,,,
,,,0.2728,82,,100,,,,,
,,,0.2732,82.4,,101.25,,,,,
,,,0.2736,82.4,,101.25,,,,,
,,,0.274,82.4,,101.25,,,,,
,,,0.2744,83.2,,103.75,,,,,
,,,0.2748,83.2,,103.75,,,,,
,,,0.2752,82.8,,102.5,,,,,
,,,0.2756,82.8,,102.5,,,,,
,,,0.276,83.2,,103.75,,,,,
,,,0.2764,83.2,,103.75,,,,,
,,,0.2768,83.2,,103.75,,,,,
,,,0.2772,83.2,,103.75,,,,,
,,,0.2776,83.2,,103.75,,,,,
,,,0.278,83.2,,103.75,,,,,
,,,0.2784,82.8,,102.5,,,,,
,,,0.2788,82.8,,102.5,,,,,
,,,0.2792,82.4,,101.25,,,,,
,,,0.2796,83.2,,103.75,,,,,
,,,0.28,83.2,,103.75,,,,,
,,,0.2804,83.2,,103.75,,,,,
,,,0.2808,83.2,,103.75,,,,,
,,,0.2812,83.2,,103.75,,,,,
,,,0.2816,83.2,,103.75,,,,,
,,,0.282,83.2,,103.75,,,,,
,,,0.2824,82.8,,102.5,,,,,
,,,0.2828,82.4,,101.25,,,,,
,,,0.2832,82.8,,102.5,,,,,
,,,0.2836,82.4,,101.25,,,,,
,,,0.284,82.4,,101.25,,,,,
,,,0.2844,82.4,,101.25,,,,,
,,,0.2848,82.4,,101.25,,,,,
,,,0.2852,82.8,,102.5,,,,,
,,,0.2856,82.8,,102.5,,,,,
,,,0.286,83.2,,103.75,,,,,
,,,0.2864,82.8,,102.5,,,,,
,,,0.2868,82.8,,102.5,,,,,
,,,0.2872,82.4,,101.25,,,,,
,,,0.2876,82.4,,101.25,,,,,
,,,0.288,82.4,,101.25,,,,,
,,,0.2884,82.4,,101.25,,,,,
,,,0.2888,82,,100,,,,,
,,,0.2892,82.4,,101.25,,,,,
,,,0.2896,82.4,,101.25,,,,,
,,,0.29,82.4,,101.25,,,,,
,,,0.2904,82.4,,101.25,,,,,
,,,0.2908,82.8,,102.5,,,,,
,,,0.2912,82.4,,101.25,,,,,
,,,0.2916,82.4,,101.25,,,,,
,,,0.292,82.4,,101.25,,,,,
,,,0.2924,82.4,,101.25,,,,,
,,,0.2928,82.4,,101.25,,,,,
,,,0.2932,82.4,,101.25,,,,,
,,,0.2936,82.4,,101.25,,,,,
,,,0.294,82.4,,101.25,,,,,
,,,0.2944,82,,100,,,,,
,,,0.2948,82,,100,,,,,
,,,0.2952,81.6,,98.75,,,,,
,,,0.2956,82,,100,,,,,
,,,0.296,82.4,,101.25,,,,,
,,,0.2964,82,,100,,,,,
,,,0.2968,82,,100,,,,,
,,,0.2972,82,,100,,,,,
,,,0.2976,82,,100,,,,,
,,,0.298,82.4,,101.25,,,,,
,,,0.2984,82.4,,101.25,,,,,
,,,0.2988,82,,100,,,,,
,,,0.2992,82,,100,,,,,
,,,0.2996,81.6,,98.75,,,,,
,,,0.3,81.6,,98.75,,,,,
,,,0.3004,81.2,,97.5,,,,,
,,,0.3008,81.6,,98.75,,,,,
,,,0.3012,81.6,,98.75,,,,,
,,,0.3016,82,,100,,,,,
,,,0.302,82,,100,,,,,
,,,0.3024,82,,100,,,,,
,,,0.3028,82,,100,,,,,
,,,0.3032,82,,100,,,,,
,,,0.3036,82,,100,,,,,
,,,0.304,81.6,,98.75,,,,,
,,,0.3044,82,,100,,,,,
,,,0.3048,82,,100,,,,,
,,,0.3052,81.6,,98.75,,,,,
,,,0.3056,81.6,,98.75,,,,,
,,,0.306,81.2,,97.5,,,,,
,,,0.3064,80.8,,96.25,,,,,
,,,0.3068,82,,100,,,,,
,,,0.3072,81.6,,98.75,,,,,
,,,0.3076,81.6,,98.75,,,,,
,,,0.308,81.2,,97.5,,,,,
,,,0.3084,82,,100,,,,,
,,,0.3088,81.6,,98.75,,,,,
,,,0.3092,82,,100,,,,,
,,,0.3096,82,,100,,,,,
,,,0.31,82,,100,,,,,
,,,0.3104,81.6,,98.75,,,,,
,,,0.3108,81.2,,97.5,,,,,
,,,0.3112,81.6,,98.75,,,,,
,,,0.3116,81.6,,98.75,,,,,
,,,0.312,82,,100,,,,,
,,,0.3124,82.4,,101.25,,,,,
,,,0.3128,81.2,,97.5,,,,,
,,,0.3132,81.2,,97.5,,,,,
,,,0.3136,81.6,,98.75,,,,,
,,,0.314,81.6,,98.75,,,,,
,,,0.3144,81.6,,98.75,,,,,
,,,0.3148,82,,100,,,,,
,,,0.3152,81.6,,98.75,,,,,
,,,0.3156,81.6,,98.75,,,,,
,,,0.316,81.6,,98.75,,,,,
,,,0.3164,81.6,,98.75,,,,,
,,,0.3168,81.2,,97.5,,,,,
,,,0.3172,81.6,,98.75,,,,,
,,,0.3176,82.4,,101.25,,,,,
,,,0.318,82,,100,,,,,
,,,0.3184,81.6,,98.75,,,,,
,,,0.3188,82,,100,,,,,
,,,0.3192,82,,100,,,,,
,,,0.3196,82,,100,,,,,
,,,0.32,82,,100,,,,,
,,,0.3204,82,,100,,,,,
,,,0.3208,81.6,,98.75,,,,,
,,,0.3212,82,,100,,,,,
,,,0.3216,82,,100,,,,,
,,,0.322,81.6,,98.75,,,,,
,,,0.3224,82,,100,,,,,
,,,0.3228,81.6,,98.75,,,,,
,,,0.3232,82.4,,101.25,,,,,
,,,0.3236,82.4,,101.25,,,,,
,,,0.324,82.4,,101.25,,,,,
,,,0.3244,82,,100,,,,,
,,,0.3248,82,,100,,,,,
,,,0.3252,82,,100,,,,,
,,,0.3256,82,,100,,,,,
,,,0.326,82,,100,,,,,
,,,0.3264,82,,100,,,,,
,,,0.3268,82,,100,,,,,
,,,0.3272,82,,100,,,,,
,,,0.3276,82,,100,,,,,
,,,0.328,82,,100,,,,,
,,,0.3284,82,,100,,,,,
,,,0.3288,82.4,,101.25,,,,,
,,,0.3292,82,,100,,,,,
,,,0.3296,82,,100,,,,,
,,,0.33,82.4,,101.25,,,,,
,,,0.3304,82,,100,,,,,
,,,0.3308,82.4,,101.25,,,,,
,,,0.3312,82,,100,,,,,
,,,0.3316,82,,100,,,,,
,,,0.332,82,,100,,,,,
,,,0.3324,82,,100,,,,,
,,,0.3328,82,,100,,,,,
,,,0.3332,81.6,,98.75,,,,,
,,,0.3336,81.6,,98.75,,,,,
,,,0.334,82.4,,101.25,,,,,
,,,0.3344,82,,100,,,,,
,,,0.3348,82.4,,101.25,,,,,
,,,0.3352,82,,100,,,,,
,,,0.3356,82,,100,,,,,
,,,0.336,82.4,,101.25,,,,,
,,,0.3364,82.4,,101.25,,,,,
,,,0.3368,82.8,,102.5,,,,,
,,,0.3372,82.4,,101.25,,,,,
,,,0.3376,82.4,,101.25,,,,,
,,,0.338,82.4,,101.25,,,,,
,,,0.3384,81.6,,98.75,,,,,
,,,0.3388,82,,100,,,,,
,,,0.3392,82,,100,,,,,
,,,0.3396,82.4,,101.25,,,,,
,,,0.34,82,,100,,,,,
,,,0.3404,82,,100,,,,,
,,,0.3408,82.4,,101.25,,,,,
,,,0.3412,82.4,,101.25,,,,,
,,,0.3416,82.4,,101.25,,,,,
,,,0.342,82,,100,,,,,
,,,0.3424,82,,100,,,,,
,,,0.3428,82,,100,,,,,
,,,0.3432,82,,100,,,,,
,,,0.3436,82,,100,,,,,
,,,0.344,81.6,,98.75,,,,,
,,,0.3444,82,,100,,,,,
,,,0.3448,82.4,,101.25,,,,,
,,,0.3452,82,,100,,,,,
,,,0.3456,82,,100,,,,,
,,,0.346,82,,100,,,,,
,,,0.3464,82,,100,,,,,
,,,0.3468,82.4,,101.25,,,,,
,,,0.3472,82,,100,,,,,
,,,0.3476,82,,100,,,,,
,,,0.348,82,,100,,,,,
,,,0.3484,82.4,,101.25,,,,,
,,,0.3488,82.4,,101.25,,,,,
,,,0.3492,82,,100,,,,,
,,,0.3496,81.6,,98.75,,,,,
,,,0.35,82,,100,,,,,
,,,0.3504,82.4,,101.25,,,,,
,,,0.3508,82,,100,,,,,
,,,0.3512,81.6,,98.75,,,,,
,,,0.3516,82,,100,,,,,
,,,0.352,82,,100,,,,,
,,,0.3524,82.4,,101.25,,,,,
,,,0.3528,82,,100,,,,,
,,,0.3532,82,,100,,,,,
,,,0.3536,82.4,,101.25,,,,,
,,,0.354,82.4,,101.25,,,,,
,,,0.3544,82,,100,,,,,
,,,0.3548,81.2,,97.5,,,,,
,,,0.3552,81.6,,98.75,,,,,
,,,0.3556,82,,100,,,,,
,,,0.356,82,,100,,,,,
,,,0.3564,82,,100,,,,,
,,,0.3568,82,,100,,,,,
,,,0.3572,82.4,,101.25,,,,,
,,,0.3576,82.4,,101.25,,,,,
,,,0.358,82,,100,,,,,
,,,0.3584,82.4,,101.25,,,,,
,,,0.3588,82,,100,,,,,
,,,0.3592,82,,100,,,,,
,,,0.3596,81.2,,97.5,,,,,
,,,0.36,81.6,,98.75,,,,,
,,,0.3604,81.6,,98.75,,,,,
,,,0.3608,81.6,,98.75,,,,,
,,,0.3612,82,,100,,,,,
,,,0.3616,82,,100,,,,,
,,,0.362,82.4,,101.25,,,,,
,,,0.3624,82.4,,101.25,,,,,
,,,0.3628,82,,100,,,,,
,,,0.3632,82.4,,101.25,,,,,
,,,0.3636,82,,100,,,,,
,,,0.364,82,,100,,,,,
,,,0.3644,81.6,,98.75,,,,,
,,,0.3648,81.6,,98.75,,,,,
,,,0.3652,81.6,,98.75,,,,,
,,,0.3656,81.6,,98.75,,,,,
,,,0.366,81.6,,98.75,,,,,
,,,0.3664,82,,100,,,,,
,,,0.3668,82.4,,101.25,,,,,
,,,0.3672,82.4,,101.25,,,,,
,,,0.3676,82.4,,101.25,,,,,
,,,0.368,82.4,,101.25,,,,,
,,,0.3684,82,,100,,,,,
,,,0.3688,82,,100,,,,,
,,,0.3692,82.4,,101.25,,,,,
,,,0.3696,81.6,,98.75,,,,,
,,,0.37,82,,100,,,,,
,,,0.3704,82,,100,,,,,
,,,0.3708,82,,100,,,,,
,,,0.3712,81.6,,98.75,,,,,
,,,0.3716,81.6,,98.75,,,,,
,,,0.372,82.4,,101.25,,,,,
,,,0.3724,82,,100,,,,,
,,,0.3728,82.4,,101.25,,,,,
,,,0.3732,82.4,,101.25,,,,,
,,,0.3736,82.4,,101.25,,,,,
,,,0.374,82.4,,101.25,,,,,
,,,0.3744,82.4,,101.25,,,,,
,,,0.3748,82.4,,101.25,,,,,
,,,0.3752,82.4,,101.25,,,,,
,,,0.3756,82.4,,101.25,,,,,
,,,0.376,82,,100,,,,,
,,,0.3764,81.6,,98.75,,,,,
,,,0.3768,82,,100,,,,,
,,,0.3772,82,,100,,,,,
,,,0.3776,82,,100,,,,,
,,,0.378,82.4,,101.25,,,,,
,,,0.3784,82.4,,101.25,,,,,
,,,0.3788,82,,100,,,,,
,,,0.3792,82.4,,101.25,,,,,
,,,0.3796,82,,100,,,,,
,,,0.38,82,,100,,,,,
,,,0.3804,82.4,,101.25,,,,,
,,,0.3808,82.4,,101.25,,,,,
,,,0.3812,82.4,,101.25,,,,,
,,,0.3816,82.4,,101.25,,,,,
,,,0.382,82,,100,,,,,
,,,0.3824,82,,100,,,,,
,,,0.3828,82,,100,,,,,
,,,0.3832,82.4,,101.25,,,,,
,,,0.3836,82.4,,101.25,,,,,
,,,0.384,82,,100,,,,,
,,,0.3844,82.4,,101.25,,,,,
,,,0.3848,82,,100,,,,,
,,,0.3852,82,,100,,,,,
,,,0.3856,82.4,,101.25,,,,,
,,,0.386,82.4,,101.25,,,,,
,,,0.3864,82.4,,101.25,,,,,
,,,0.3868,82.4,,101.25,,,,,
,,,0.3872,82,,100,,,,,
,,,0.3876,82,,100,,,,,
,,,0.388,81.6,,98.75,,,,,
,,,0.3884,82.4,,101.25,,,,,
,,,0.3888,82.4,,101.25,,,,,
,,,0.3892,82.4,,101.25,,,,,
,,,0.3896,82.4,,101.25,,,,,
,,,0.39,82,,100,,,,,
,,,0.3904,82,,100,,,,,
,,,0.3908,82,,100,,,,,
,,,0.3912,82,,100,,,,,
,,,0.3916,82,,100,,,,,
,,,0.392,82,,100,,,,,
,,,0.3924,82,,100,,,,,
,,,0.3928,82,,100,,,,,
,,,0.3932,82,,100,,,,,
,,,0.3936,82.4,,101.25,,,,,
,,,0.394,82.4,,101.25,,,,,
,,,0.3944,81.6,,98.75,,,,,
,,,0.3948,82,,100,,,,,
,,,0.3952,82,,100,,,,,
,,,0.3956,82,,100,,,,,
,,,0.396,81.6,,98.75,,,,,
,,,0.3964,81.6,,98.75,,,,,
,,,0.3968,82,,100,,,,,
,,,0.3972,82.4,,101.25,,,,,
,,,0.3976,82,,100,,,,,
,,,0.398,82,,100,,,,,
,,,0.3984,82,,100,,,,,
,,,0.3988,82,,100,,,,,
,,,0.3992,82.4,,101.25,,,,,
,,,0.3996,82,,100,,,,,
,,,0.4,82.4,,101.25,,,,,
,,,0.4004,82.4,,101.25,,,,,
,,,0.4008,82.4,,101.25,,,,,
,,,0.4012,82,,100,,,,,
,,,0.4016,82,,100,,,,,
,,,0.402,82,,100,,,,,
,,,0.4024,81.6,,98.75,,,,,
,,,0.4028,82,,100,,,,,
,,,0.4032,81.6,,98.75,,,,,
,,,0.4036,81.2,,97.5,,,,,
,,,0.404,82,,100,,,,,
,,,0.4044,82,,100,,,,,
,,,0.4048,82.4,,101.25,,,,,
,,,0.4052,82,,100,,,,,
,,,0.4056,82,,100,,,,,
,,,0.406,82,,100,,,,,
,,,0.4064,82,,100,,,,,
,,,0.4068,81.6,,98.75,,,,,
,,,0.4072,82,,100,,,,,
,,,0.4076,81.6,,98.75,,,,,
,,,0.408,81.6,,98.75,,,,,
,,,0.4084,82,,100,,,,,
,,,0.4088,82,,100,,,,,
,,,0.4092,81.6,,98.75,,,,,
,,,0.4096,81.6,,98.75,,,,,
,,,0.41,82.4,,101.25,,,,,
,,,0.4104,82.4,,101.25,,,,,
,,,0.4108,82.4,,101.25,,,,,
,,,0.4112,82.4,,101.25,,,,,
,,,0.4116,82,,100,,,,,
,,,0.412,82.4,,101.25,,,,,
,,,0.4124,82,,100,,,,,
,,,0.4128,82,,100,,,,,
,,,0.4132,81.6,,98.75,,,,,
,,,0.4136,81.2,,97.5,,,,,
,,,0.414,81.6,,98.75,,,,,
,,,0.4144,81.6,,98.75,,,,,
,,,0.4148,81.6,,98.75,,,,,
,,,0.4152,82,,100,,,,,
,,,0.4156,82.8,,102.5,,,,,
,,,0.416,82.4,,101.25,,,,,
,,,0.4164,82.4,,101.25,,,,,
,,,0.4168,82.4,,101.25,,,,,
,,,0.4172,82.4,,101.25,,,,,
,,,0.4176,82.4,,101.25,,,,,
,,,0.418,82,,100,,,,,
,,,0.4184,82,,100,,,,,
,,,0.4188,82,,100,,,,,
,,,0.4192,81.6,,98.75,,,,,
,,,0.4196,81.6,,98.75,,,,,
,,,0.42,81.6,,98.75,,,,,
,,,0.4204,82.4,,101.25,,,,,
,,,0.4208,82.4,,101.25,,,,,
,,,0.4212,82.8,,102.5,,,,,
,,,0.4216,82.8,,102.5,,,,,
,,,0.422,82.4,,101.25,,,,,
,,,0.4224,82.4,,101.25,,,,,
,,,0.4228,82.4,,101.25,,,,,
,,,0.4232,82,,100,,,,,
,,,0.4236,82.4,,101.25,,,,,
,,,0.424,82,,100,,,,,
,,,0.4244,82,,100,,,,,
,,,0.4248,81.6,,98.75,,,,,
,,,0.4252,82,,100,,,,,
,,,0.4256,82,,100,,,,,
,,,0.426,82,,100,,,,,
,,,0.4264,82,,100,,,,,
,,,0.4268,82,,100,,,,,
,,,0.4272,82.4,,101.25,,,,,
,,,0.4276,82.4,,101.25,,,,,
,,,0.428,82.4,,101.25,,,,,
,,,0.4284,82.8,,102.5,,,,,
,,,0.4288,82.4,,101.25,,,,,
,,,0.4292,82.4,,101.25,,,,,
,,,0.4296,82.4,,101.25,,,,,
,,,0.43,82,,100,,,,,
,,,0.4304,82,,100,,,,,
,,,0.4308,81.6,,98.75,,,,,
,,,0.4312,82,,100,,,,,
,,,0.4316,82.4,,101.25,,,,,
,,,0.432,82.8,,102.5,,,,,
,,,0.4324,82.4,,101.25,,,,,
,,,0.4328,82.4,,101.25,,,,,
,,,0.4332,82.4,,101.25,,,,,
,,,0.4336,82.4,,101.25,,,,,
,,,0.434,82.4,,101.25,,,,,
,,,0.4344,82,,100,,,,,
,,,0.4348,82.4,,101.25,,,,,
,,,0.4352,82.4,,101.25,,,,,
,,,0.4356,82,,100,,,,,
,,,0.436,81.6,,98.75,,,,,
,,,0.4364,82,,100,,,,,
,,,0.4368,82,,100,,,,,
,,,0.4372,82.8,,102.5,,,,,
,,,0.4376,82.4,,101.25,,,,,
,,,0.438,82.4,,101.25,,,,,
,,,0.4384,82.4,,101.25,,,,,
,,,0.4388,82,,100,,,,,
,,,0.4392,82.4,,101.25,,,,,
,,,0.4396,82.4,,101.25,,,,,
,,,0.44,82,,100,,,,,
,,,0.4404,82,,100,,,,,
,,,0.4408,82,,100,,,,,
,,,0.4412,81.6,,98.75,,,,,
,,,0.4416,81.6,,98.75,,,,,
,,,0.442,81.6,,98.75,,,,,
,,,0.4424,82,,100,,,,,
,,,0.4428,82,,100,,,,,
,,,0.4432,82,,100,,,,,
,,,0.4436,82,,100,,,,,
,,,0.444,82.4,,101.25,,,,,
,,,0.4444,82,,100,,,,,
,,,0.4448,82.4,,101.25,,,,,
,,,0.4452,82.4,,101.25,,,,,
,,,0.4456,82,,100,,,,,
,,,0.446,82,,100,,,,,
,,,0.4464,81.6,,98.75,,,,,
,,,0.4468,81.2,,97.5,,,,,
,,,0.4472,81.2,,97.5,,,,,
,,,0.4476,81.2,,97.5,,,,,
,,,0.448,82,,100,,,,,
,,,0.4484,82.4,,101.25,,,,,
,,,0.4488,82.4,,101.25,,,,,
,,,0.4492,82.4,,101.25,,,,,
,,,0.4496,82,,100,,,,,
,,,0.45,82,,100,,,,,
,,,0.4504,82,,100,,,,,
,,,0.4508,82,,100,,,,,
,,,0.4512,82,,100,,,,,
,,,0.4516,81.6,,98.75,,,,,
,,,0.452,81.2,,97.5,,,,,
,,,0.4524,81.2,,97.5,,,,,
,,,0.4528,81.6,,98.75,,,,,
,,,0.4532,82.4,,101.25,,,,,
,,,0.4536,82,,100,,,,,
,,,0.454,82,,100,,,,,
,,,0.4544,82.4,,101.25,,,,,
,,,0.4548,82.4,,101.25,,,,,
,,,0.4552,82,,100,,,,,
,,,0.4556,82,,100,,,,,
,,,0.456,82,,100,,,,,
,,,0.4564,82,,100,,,,,
,,,0.4568,82,,100,,,,,
,,,0.4572,82,,100,,,,,
,,,0.4576,81.6,,98.75,,,,,
,,,0.458,81.2,,97.5,,,,,
,,,0.4584,81.6,,98.75,,,,,
,,,0.4588,82.4,,101.25,,,,,
,,,0.4592,82.4,,101.25,,,,,
,,,0.4596,82,,100,,,,,
,,,0.46,82.4,,101.25,,,,,
,,,0.4604,82,,100,,,,,
,,,0.4608,82,,100,,,,,
,,,0.4612,82,,100,,,,,
,,,0.4616,82,,100,,,,,
,,,0.462,82.4,,101.25,,,,,
,,,0.4624,82,,100,,,,,
,,,0.4628,82,,100,,,,,
,,,0.4632,82,,100,,,,,
,,,0.4636,82,,100,,,,,
,,,0.464,82,,100,,,,,
,,,0.4644,82.4,,101.25,,,,,
,,,0.4648,82,,100,,,,,
,,,0.4652,82,,100,,,,,
,,,0.4656,82,,100,,,,,
,,,0.466,82,,100,,,,,
,,,0.4664,82.4,,101.25,,,,,
,,,0.4668,82,,100,,,,,
,,,0.4672,82.4,,101.25,,,,,
,,,0.4676,82,,100,,,,,
,,,0.468,81.6,,98.75,,,,,
,,,0.4684,82,,100,,,,,
,,,0.4688,81.6,,98.75,,,,,
,,,0.4692,82,,100,,,,,
,,,0.4696,82.4,,101.25,,,,,
,,,0.47,82.8,,102.5,,,,,
,,,0.4704,82.4,,101.25,,,,,
,,,0.4708,82,,100,,,,,
,,,0.4712,82.4,,101.25,,,,,
,,,0.4716,82,,100,,,,,
,,,0.472,82,,100,,,,,
,,,0.4724,82,,100,,,,,
,,,0.4728,82,,100,,,,,
,,,0.4732,82,,100,,,,,
,,,0.4736,82,,100,,,,,
,,,0.474,81.6,,98.75,,,,,
,,,0.4744,82,,100,,,,,
,,,0.4748,81.6,,98.75,,,,,
,,,0.4752,82.4,,101.25,,,,,
,,,0.4756,82,,100,,,,,
,,,0.476,82.4,,101.25,,,,,
,,,0.4764,82,,100,,,,,
,,,0.4768,82.4,,101.25,,,,,
,,,0.4772,82.8,,102.5,,,,,
,,,0.4776,82.4,,101.25,,,,,
,,,0.478,82.4,,101.25,,,,,
,,,0.4784,82.4,,101.25,,,,,
,,,0.4788,82.4,,101.25,,,,,
,,,0.4792,82.4,,101.25,,,,,
,,,0.4796,82,,100,,,,,
,,,0.48,82,,100,,,,,
,,,0.4804,82.4,,101.25,,,,,
,,,0.4808,82,,100,,,,,
,,,0.4812,82,,100,,,,,
,,,0.4816,82,,100,,,,,
,,,0.482,82.4,,101.25,,,,,
,,,0.4824,82.4,,101.25,,,,,
,,,0.4828,82,,100,,,,,
,,,0.4832,82.4,,101.25,,,,,
,,,0.4836,82,,100,,,,,
,,,0.484,82,,100,,,,,
,,,0.4844,81.6,,98.75,,,,,
,,,0.4848,82,,100,,,,,
,,,0.4852,81.6,,98.75,,,,,
,,,0.4856,82,,100,,,,,
,,,0.486,82,,100,,,,,
,,,0.4864,82.4,,101.25,,,,,
,,,0.4868,82.4,,101.25,,,,,
,,,0.4872,82,,100,,,,,
,,,0.4876,82,,100,,,,,
,,,0.488,82,,100,,,,,
,,,0.4884,82.4,,101.25,,,,,
,,,0.4888,82,,100,,,,,
,,,0.4892,82,,100,,,,,
,,,0.4896,82,,100,,,,,
,,,0.49,82,,100,,,,,
,,,0.4904,82,,100,,,,,
,,,0.4908,82,,100,,,,,
,,,0.4912,82,,100,,,,,
,,,0.4916,82.4,,101.25,,,,,
,,,0.492,82.4,,101.25,,,,,
,,,0.4924,82,,100,,,,,
,,,0.4928,82,,100,,,,,
,,,0.4932,81.6,,98.75,,,,,
,,,0.4936,82,,100,,,,,
,,,0.494,81.6,,98.75,,,,,
,,,0.4944,81.6,,98.75,,,,,
,,,0.4948,82,,100,,,,,
,,,0.4952,82,,100,,,,,
,,,0.4956,82,,100,,,,,
,,,0.496,81.6,,98.75,,,,,
,,,0.4964,82,,100,,,,,
,,,0.4968,82.4,,101.25,,,,,
,,,0.4972,82,,100,,,,,
,,,0.4976,82,,100,,,,,
,,,0.498,82,,100,,,,,
,,,0.4984,82,,100,,,,,
,,,0.4988,82,,100,,,,,
,,,0.4992,81.6,,98.75,,,,,
,,,0.4996,82,,100,,,,,
,,,0.5,82,,100,,,,,
,,,0.5004,82,,100,,,,,
,,,0.5008,82,,100,,,,,
,,,0.5012,81.6,,98.75,,,,,
,,,0.5016,81.6,,98.75,,,,,
,,,0.502,82,,100,,,,,
,,,0.5024,82.4,,101.25,,,,,
,,,0.5028,82,,100,,,,,
,,,0.5032,82,,100,,,,,
,,,0.5036,82,,100,,,,,
,,,0.504,82,,100,,,,,
,,,0.5044,81.6,,98.75,,,,,
,,,0.5048,82,,100,,,,,
,,,0.5052,82,,100,,,,,
,,,0.5056,82,,100,,,,,
,,,0.506,81.6,,98.75,,,,,
,,,0.5064,82,,100,,,,,
,,,0.5068,81.2,,97.5,,,,,
,,,0.5072,82,,100,,,,,
,,,0.5076,82.4,,101.25,,,,,
,,,0.508,82.4,,101.25,,,,,
,,,0.5084,82.4,,101.25,,,,,
,,,0.5088,82,,100,,,,,
,,,0.5092,82,,100,,,,,
,,,0.5096,82,,100,,,,,
,,,0.51,82.4,,101.25,,,,,
,,,0.5104,82,,100,,,,,
,,,0.5108,82,,100,,,,,
,,,0.5112,82,,100,,,,,
,,,0.5116,82,,100,,,,,
,,,0.512,82,,100,,,,,
,,,0.5124,82,,100,,,,,
,,,0.5128,82.4,,101.25,,,,,
,,,0.5132,82.4,,101.25,,,,,
,,,0.5136,82.4,,101.25,,,,,
,,,0.514,82,,100,,,,,
,,,0.5144,82.4,,101.25,,,,,
,,,0.5148,82.4,,101.25,,,,,
,,,0.5152,82.4,,101.25,,,,,
,,,0.5156,82.4,,101.25,,,,,
,,,0.516,82.4,,101.25,,,,,
,,,0.5164,82,,100,,,,,
,,,0.5168,81.6,,98.75,,,,,
,,,0.5172,82,,100,,,,,
,,,0.5176,81.6,,98.75,,,,,
,,,0.518,82.4,,101.25,,,,,
,,,0.5184,82.4,,101.25,,,,,
,,,0.5188,82.4,,101.25,,,,,
,,,0.5192,82.4,,101.25,,,,,
,,,0.5196,82.4,,101.25,,,,,
,,,0.52,82.4,,101.25,,,,,
,,,0.5204,82.4,,101.25,,,,,
,,,0.5208,82,,100,,,,,
,,,0.5212,82.4,,101.25,,,,,
,,,0.5216,82,,100,,,,,
,,,0.522,82,,100,,,,,
,,,0.5224,81.6,,98.75,,,,,
,,,0.5228,82,,100,,,,,
,,,0.5232,82.4,,101.25,,,,,
,,,0.5236,82,,100,,,,,
,,,0.524,82.4,,101.25,,,,,
,,,0.5244,82.4,,101.25,,,,,
,,,0.5248,82.4,,101.25,,,,,
,,,0.5252,82,,100,,,,,
,,,0.5256,82,,100,,,,,
,,,0.526,82.4,,101.25,,,,,
,,,0.5264,82,,100,,,,,
,,,0.5268,82,,100,,,,,
,,,0.5272,82,,100,,,,,
,,,0.5276,82,,100,,,,,
,,,0.528,82,,100,,,,,
,,,0.5284,82.4,,101.25,,,,,
,,,0.5288,82,,100,,,,,
,,,0.5292,82.4,,101.25,,,,,
,,,0.5296,82.4,,101.25,,,,,
,,,0.53,82.4,,101.25,,,,,
,,,0.5304,82.4,,101.25,,,,,
,,,0.5308,82.4,,101.25,,,,,
,,,0.5312,82.4,,101.25,,,,,
,,,0.5316,82.4,,101.25,,,,,
,,,0.532,82.4,,101.25,,,,,
,,,0.5324,82,,100,,,,,
,,,0.5328,82,,100,,,,,
,,,0.5332,82,,100,,,,,
,,,0.5336,82,,100,,,,,
,,,0.534,81.6,,98.75,,,,,
,,,0.5344,82,,100,,,,,
,,,0.5348,82.4,,101.25,,,,,
,,,0.5352,82,,100,,,,,
,,,0.5356,82.4,,101.25,,,,,
,,,0.536,82,,100,,,,,
,,,0.5364,82,,100,,,,,
,,,0.5368,81.6,,98.75,,,,,
,,,0.5372,81.6,,98.75,,,,,
,,,0.5376,82,,100,,,,,
,,,0.538,82,,100,,,,,
,,,0.5384,81.6,,98.75,,,,,
,,,0.5388,81.6,,98.75,,,,,
,,,0.5392,82,,100,,,,,
,,,0.5396,81.6,,98.75,,,,,
,,,0.54,82,,100,,,,,
,,,0.5404,82.4,,101.25,,,,,
,,,0.5408,82,,100,,,,,
,,,0.5412,82,,100,,,,,
,,,0.5416,82,,100,,,,,
,,,0.542,81.6,,98.75,,,,,
,,,0.5424,82,,100,,,,,
,,,0.5428,82,,100,,,,,
,,,0.5432,82,,100,,,,,
,,,0.5436,82,,100,,,,,
,,,0.544,82,,100,,,,,
,,,0.5444,82,,100,,,,,
,,,0.5448,81.6,,98.75,,,,,
,,,0.5452,81.6,,98.75,,,,,
,,,0.5456,82.4,,101.25,,,,,
,,,0.546,82,,100,,,,,
,,,0.5464,82,,100,,,,,
,,,0.5468,82,,100,,,,,
,,,0.5472,82,,100,,,,,
,,,0.5476,82,,100,,,,,
,,,0.548,82,,100,,,,,
,,,0.5484,82,,100,,,,,
,,,0.5488,82.4,,101.25,,,,,
,,,0.5492,82,,100,,,,,
,,,0.5496,82,,100,,,,,
,,,0.55,82,,100,,,,,
,,,0.5504,82,,100,,,,,
,,,0.5508,81.6,,98.75,,,,,
,,,0.5512,82,,100,,,,,
,,,0.5516,82,,100,,,,,
,,,0.552,82,,100,,,,,
,,,0.5524,82,,100,,,,,
,,,0.5528,82,,100,,,,,
,,,0.5532,82.4,,101.25,,,,,
,,,0.5536,82,,100,,,,,
,,,0.554,82,,100,,,,,
,,,0.5544,82,,100,,,,,
,,,0.5548,81.6,,98.75,,,,,
,,,0.5552,82,,100,,,,,
,,,0.5556,82,,100,,,,,
,,,0.556,82,,100,,,,,
,,,0.5564,82.4,,101.25,,,,,
,,,0.5568,82.4,,101.25,,,,,
,,,0.5572,82.4,,101.25,,,,,
,,,0.5576,82.4,,101.25,,,,,
,,,0.558,82,,100,,,,,
,,,0.5584,82.4,,101.25,,,,,
,,,0.5588,82,,100,,,,,
,,,0.5592,82.4,,101.25,,,,,
,,,0.5596,82,,100,,,,,
,,,0.56,82,,100,,,,,
,,,0.5604,82.4,,101.25,,,,,
,,,0.5608,82.4,,101.25,,,,,
,,,0.5612,82,,100,,,,,
,,,0.5616,82.4,,101.25,,,,,
,,,0.562,82.8,,102.5,,,,,
,,,0.5624,82,,100,,,,,
,,,0.5628,82.4,,101.25,,,,,
,,,0.5632,82.4,,101.25,,,,,
,,,0.5636,82,,100,,,,,
,,,0.564,82.4,,101.25,,,,,
,,,0.5644,82,,100,,,,,
,,,0.5648,82.4,,101.25,,,,,
,,,0.5652,82.4,,101.25,,,,,
,,,0.5656,82.4,,101.25,,,,,
,,,0.566,82.4,,101.25,,,,,
,,,0.5664,82,,100,,,,,
,,,0.5668,82,,100,,,,,
,,,0.5672,82.4,,101.25,,,,,
,,,0.5676,82,,100,,,,,
,,,0.568,82,,100,,,,,
,,,0.5684,82.4,,101.25,,,,,
,,,0.5688,82.4,,101.25,,,,,
,,,0.5692,82.4,,101.25,,,,,
,,,0.5696,82.4,,101.25,,,,,
,,,0.57,82.8,,102.5,,,,,
,,,0.5704,82.4,,101.25,,,,,
,,,0.5708,82.4,,101.25,,,,,
,,,0.5712,82,,100,,,,,
,,,0.5716,82,,100,,,,,
,,,0.572,81.6,,98.75,,,,,
,,,0.5724,82,,100,,,,,
,,,0.5728,82.4,,101.25,,,,,
,,,0.5732,82,,100,,,,,
,,,0.5736,82.4,,101.25,,,,,
,,,0.574,82.4,,101.25,,,,,
,,,0.5744,82.4,,101.25,,,,,
,,,0.5748,82.4,,101.25,,,,,
,,,0.5752,82.4,,101.25,,,,,
,,,0.5756,82.4,,101.25,,,,,
,,,0.576,82.4,,101.25,,,,,
,,,0.5764,82,,100,,,,,
,,,0.5768,82,,100,,,,,
,,,0.5772,82,,100,,,,,
,,,0.5776,82.4,,101.25,,,,,
,,,0.578,82,,100,,,,,
,,,0.5784,82,,100,,,,,
,,,0.5788,82,,100,,,,,
,,,0.5792,82,,100,,,,,
,,,0.5796,82,,100,,,,,
,,,0.58,82,,100,,,,,
,,,0.5804,82.4,,101.25,,,,,
,,,0.5808,82,,100,,,,,
,,,0.5812,82,,100,,,,,
,,,0.5816,82,,100,,,,,
,,,0.582,82,,100,,,,,
,,,0.5824,82.4,,101.25,,,,,
,,,0.5828,82,,100,,,,,
,,,0.5832,82,,100,,,,,
,,,0.5836,82.4,,101.25,,,,,
,,,0.584,82.4,,101.25,,,,,
,,,0.5844,82,,100,,,,,
,,,0.5848,82,,100,,,,,
,,,0.5852,82,,100,,,,,
,,,0.5856,82,,100,,,,,
,,,0.586,81.6,,98.75,,,,,
,,,0.5864,82,,100,,,,,
,,,0.5868,82,,100,,,,,
,,,0.5872,81.6,,98.75,,,,,
,,,0.5876,81.6,,98.75,,,,,
,,,0.588,82,,100,,,,,
,,,0.5884,82,,100,,,,,
,,,0.5888,82,,100,,,,,
,,,0.5892,82.4,,101.25,,,,,
,,,0.5896,82,,100,,,,,
,,,0.59,82,,100,,,,,
,,,0.5904,82,,100,,,,,
,,,0.5908,82,,100,,,,,
,,,0.5912,82,,100,,,,,
,,,0.5916,81.6,,98.75,,,,,
,,,0.592,82,,100,,,,,
,,,0.5924,81.6,,98.75,,,,,
,,,0.5928,82,,100,,,,,
,,,0.5932,82,,100,,,,,
,,,0.5936,82,,100,,,,,
,,,0.594,82,,100,,,,,
,,,0.5944,82.4,,101.25,,,,,
,,,0.5948,82.4,,101.25,,,,,
,,,0.5952,82,,100,,,,,
,,,0.5956,82,,100,,,,,
,,,0.596,82,,100,,,,,
,,,0.5964,82,,100,,,,,
,,,0.5968,81.6,,98.75,,,,,
,,,0.5972,82,,100,,,,,
,,,0.5976,82,,100,,,,,
,,,0.598,82,,100,,,,,
,,,0.5984,82,,100,,,,,
,,,0.5988,82,,100,,,,,
,,,0.5992,82,,100,,,,,
,,,0.5996,82.4,,101.25,,,,,
,,,0.6,82.4,,101.25,,,,,
,,,0.6004,82,,100,,,,,
,,,0.6008,82,,100,,,,,
,,,0.6012,82,,100,,,,,
,,,0.6016,82,,100,,,,,
,,,0.602,82,,100,,,,,
,,,0.6024,82,,100,,,,,
,,,0.6028,82,,100,,,,,
,,,0.6032,82,,100,,,,,
,,,0.6036,82,,100,,,,,
,,,0.604,81.6,,98.75,,,,,
,,,0.6044,82,,100,,,,,
,,,0.6048,82,,100,,,,,
,,,0.6052,82,,100,,,,,
,,,0.6056,82.4,,101.25,,,,,
,,,0.606,82.4,,101.25,,,,,
,,,0.6064,82,,100,,,,,
,,,0.6068,82,,100,,,,,
,,,0.6072,82.4,,101.25,,,,,
,,,0.6076,82,,100,,,,,
,,,0.608,82.4,,101.25,,,,,
,,,0.6084,82,,100,,,,,
,,,0.6088,82.4,,101.25,,,,,
,,,0.6092,81.6,,98.75,,,,,
,,,0.6096,81.6,,98.75,,,,,
,,,0.61,82,,100,,,,,
,,,0.6104,82,,100,,,,,
,,,0.6108,82.4,,101.25,,,,,
,,,0.6112,82,,100,,,,,
,,,0.6116,82.4,,101.25,,,,,
,,,0.612,82.4,,101.25,,,,,
,,,0.6124,82.4,,101.25,,,,,
,,,0.6128,82.4,,101.25,,,,,
,,,0.6132,82.8,,102.5,,,,,
,,,0.6136,82.4,,101.25,,,,,
,,,0.614,82.4,,101.25,,,,,
,,,0.6144,82,,100,,,,,
,,,0.6148,81.6,,98.75,,,,,
,,,0.6152,82,,100,,,,,
,,,0.6156,81.6,,98.75,,,,,
,,,0.616,82.4,,101.25,,,,,
,,,0.6164,82.8,,102.5,,,,,
,,,0.6168,82.8,,102.5,,,,,
,,,0.6172,82.4,,101.25,,,,,
,,,0.6176,82.4,,101.25,,,,,
,,,0.618,82.4,,101.25,,,,,
,,,0.6184,82.4,,101.25,,,,,
,,,0.6188,82.4,,101.25,,,,,
,,,0.6192,82.4,,101.25,,,,,
,,,0.6196,82.4,,101.25,,,,,
,,,0.62,82.4,,101.25,,,,,
,,,0.6204,82,,100,,,,,
,,,0.6208,82,,100,,,,,
,,,0.6212,82.4,,101.25,,,,,
,,,0.6216,82.4,,101.25,,,,,
,,,0.622,82.4,,101.25,,,,,
,,,0.6224,82.4,,101.25,,,,,
,,,0.6228,82.4,,101.25,,,,,
,,,0.6232,82.4,,101.25,,,,,
,,,0.6236,82.4,,101.25,,,,,
,,,0.624,82,,100,,,,,
,,,0.6244,82.4,,101.25,,,,,
,,,0.6248,82,,100,,,,,
,,,0.6252,82,,100,,,,,
,,,0.6256,81.6,,98.75,,,,,
,,,0.626,82,,100,,,,,
,,,0.6264,82,,100,,,,,
,,,0.6268,82.4,,101.25,,,,,
,,,0.6272,82,,100,,,,,
,,,0.6276,82,,100,,,,,
,,,0.628,82,,100,,,,,
,,,0.6284,82.4,,101.25,,,,,
,,,0.6288,82,,100,,,,,
,,,0.6292,82,,100,,,,,
,,,0.6296,82.4,,101.25,,,,,
,,,0.63,82,,100,,,,,
,,,0.6304,82,,100,,,,,
,,,0.6308,81.6,,98.75,,,,,
,,,0.6312,82,,100,,,,,
,,,0.6316,82,,100,,,,,
,,,0.632,82,,100,,,,,
,,,0.6324,82,,100,,,,,
,,,0.6328,82,,100,,,,,
,,,0.6332,82,,100,,,,,
,,,0.6336,81.6,,98.75,,,,,
,,,0.634,82,,100,,,,,
,,,0.6344,82,,100,,,,,
,,,0.6348,82.4,,101.25,,,,,
,,,0.6352,82,,100,,,,,
,,,0.6356,82,,100,,,,,
,,,0.636,81.6,,98.75,,,,,
,,,0.6364,82,,100,,,,,
,,,0.6368,82,,100,,,,,
,,,0.6372,81.6,,98.75,,,,,
,,,0.6376,82,,100,,,,,
,,,0.638,82,,100,,,,,
,,,0.6384,82,,100,,,,,
,,,0.6388,82,,100,,,,,
,,,0.6392,82,,100,,,,,
,,,0.6396,82,,100,,,,,
,,,0.64,82,,100,,,,,
,,,0.6404,82,,100,,,,,
,,,0.6408,82.4,,101.25,,,,,
,,,0.6412,82,,100,,,,,
,,,0.6416,82,,100,,,,,
,,,0.642,82,,100,,,,,
,,,0.6424,81.6,,98.75,,,,,
,,,0.6428,82,,100,,,,,
,,,0.6432,82,,100,,,,,
,,,0.6436,82,,100,,,,,
,,,0.644,82.4,,101.25,,,,,
,,,0.6444,82,,100,,,,,
,,,0.6448,82.4,,101.25,,,,,
,,,0.6452,82.4,,101.25,,,,,
,,,0.6456,82,,100,,,,,
,,,0.646,82,,100,,,,,
,,,0.6464,82,,100,,,,,
,,,0.6468,82,,100,,,,,
,,,0.6472,82,,100,,,,,
,,,0.6476,82,,100,,,,,
,,,0.648,81.6,,98.75,,,,,
,,,0.6484,82,,100,,,,,
,,,0.6488,82.4,,101.25,,,,,
,,,0.6492,82,,100,,,,,
,,,0.6496,82,,100,,,,,
,,,0.65,82,,100,,,,,
,,,0.6504,82.4,,101.25,,,,,
,,,0.6508,82.4,,101.25,,,,,
,,,0.6512,82,,100,,,,,
,,,0.6516,82.4,,101.25,,,,,
,,,0.652,82,,100,,,,,
,,,0.6524,82,,100,,,,,
,,,0.6528,82,,100,,,,,
,,,0.6532,82,,100,,,,,
,,,0.6536,82.4,,101.25,,,,,
,,,0.654,82.4,,101.25,,,,,
,,,0.6544,82.4,,101.25,,,,,
,,,0.6548,82.4,,101.25,,,,,
,,,0.6552,82,,100,,,,,
,,,0.6556,82.4,,101.25,,,,,
,,,0.656,82.4,,101.25,,,,,
,,,0.6564,82.4,,101.25,,,,,
,,,0.6568,82,,100,,,,,
,,,0.6572,82,,100,,,,,
,,,0.6576,82,,100,,,,,
,,,0.658,82,,100,,,,,
,,,0.6584,82,,100,,,,,
,,,0.6588,82,,100,,,,,
,,,0.6592,82.8,,102.5,,,,,
,,,0.6596,82.4,,101.25,,,,,
,,,0.66,82.4,,101.25,,,,,
,,,0.6604,82.4,,101.25,,,,,
,,,0.6608,82.4,,101.25,,,,,
,,,0.6612,82,,100,,,,,
,,,0.6616,82,,100,,,,,
,,,0.662,82,,100,,,,,
,,,0.6624,82.4,,101.25,,,,,
,,,0.6628,82.4,,101.25,,,,,
,,,0.6632,82.4,,101.25,,,,,
,,,0.6636,82,,100,,,,,
,,,0.664,82,,100,,,,,
,,,0.6644,82.4,,101.25,,,,,
,,,0.6648,82.8,,102.5,,,,,
,,,0.6652,82,,100,,,,,
,,,0.6656,82.4,,101.25,,,,,
,,,0.666,82,,100,,,,,
,,,0.6664,82,,100,,,,,
,,,0.6668,82,,100,,,,,
,,,0.6672,82.4,,101.25,,,,,
,,,0.6676,82.4,,101.25,,,,,
,,,0.668,82.4,,101.25,,,,,
,,,0.6684,82.4,,101.25,,,,,
,,,0.6688,82.4,,101.25,,,,,
,,,0.6692,82,,100,,,,,
,,,0.6696,82,,100,,,,,
,,,0.67,82.4,,101.25,,,,,
,,,0.6704,82.4,,101.25,,,,,
,,,0.6708,82.4,,101.25,,,,,
,,,0.6712,82,,100,,,,,
,,,0.6716,82,,100,,,,,
,,,0.672,82,,100,,,,,
,,,0.6724,82,,100,,,,,
,,,0.6728,82,,100,,,,,
,,,0.6732,82.4,,101.25,,,,,
,,,0.6736,82,,100,,,,,
,,,0.674,82,,100,,,,,
,,,0.6744,82,,100,,,,,
,,,0.6748,82,,100,,,,,
,,,0.6752,82,,100,,,,,
,,,0.6756,82.4,,101.25,,,,,
,,,0.676,82.4,,101.25,,,,,
,,,0.6764,82.4,,101.25,,,,,
,,,0.6768,82.4,,101.25,,,,,
,,,0.6772,82,,100,,,,,
,,,0.6776,82,,100,,,,,
,,,0.678,82.4,,101.25,,,,,
,,,0.6784,82,,100,,,,,
,,,0.6788,82,,100,,,,,
,,,0.6792,81.6,,98.75,,,,,
,,,0.6796,81.6,,98.75,,,,,
,,,0.68,81.2,,97.5,,,,,
,,,0.6804,81.6,,98.75,,,,,
,,,0.6808,82,,100,,,,,
,,,0.6812,82,,100,,,,,
,,,0.6816,82.4,,101.25,,,,,
,,,0.682,82.4,,101.25,,,,,
,,,0.6824,82.4,,101.25,,,,,
,,,0.6828,82.4,,101.25,,,,,
,,,0.6832,82,,100,,,,,
,,,0.6836,82,,100,,,,,
,,,0.684,82,,100,,,,,
,,,0.6844,82,,100,,,,,
,,,0.6848,82,,100,,,,,
,,,0.6852,81.6,,98.75,,,,,
,,,0.6856,81.6,,98.75,,,,,
,,,0.686,81.6,,98.75,,,,,
,,,0.6864,82.4,,101.25,,,,,
,,,0.6868,82,,100,,,,,
,,,0.6872,82.4,,101.25,,,,,
,,,0.6876,82.4,,101.25,,,,,
,,,0.688,82,,100,,,,,
,,,0.6884,82,,100,,,,,
,,,0.6888,82,,100,,,,,
,,,0.6892,82,,100,,,,,
,,,0.6896,82.4,,101.25,,,,,
,,,0.69,81.6,,98.75,,,,,
,,,0.6904,81.6,,98.75,,,,,
,,,0.6908,82,,100,,,,,
,,,0.6912,82,,100,,,,,
,,,0.6916,82,,100,,,,,
,,,0.692,82.4,,101.25,,,,,
,,,0.6924,82.4,,101.25,,,,,
,,,0.6928,82,,100,,,,,
,,,0.6932,82,,100,,,,,
,,,0.6936,82,,100,,,,,
,,,0.694,82,,100,,,,,
,,,0.6944,82,,100,,,,,
,,,0.6948,82,,100,,,,,
,,,0.6952,82,,100,,,,,
,,,0.6956,82,,100,,,,,
,,,0.696,82,,100,,,,,
,,,0.6964,81.6,,98.75,,,,,
,,,0.6968,82,,100,,,,,
,,,0.6972,82.4,,101.25,,,,,
,,,0.6976,82.4,,101.25,,,,,
,,,0.698,82,,100,,,,,
,,,0.6984,82,,100,,,,,
,,,0.6988,82,,100,,,,,
,,,0.6992,82,,100,,,,,
,,,0.6996,82,,100,,,,,
,,,0.7,82.4,,101.25,,,,,
,,,0.7004,82,,100,,,,,
,,,0.7008,82,,100,,,,,
,,,0.7012,82,,100,,,,,
,,,0.7016,82,,100,,,,,
,,,0.702,82,,100,,,,,
,,,0.7024,82,,100,,,,,
,,,0.7028,82.4,,101.25,,,,,
,,,0.7032,82.4,,101.25,,,,,
,,,0.7036,82,,100,,,,,
,,,0.704,82,,100,,,,,
,,,0.7044,82,,100,,,,,
,,,0.7048,82.4,,101.25,,,,,
,,,0.7052,82.4,,101.25,,,,,
,,,0.7056,82.8,,102.5,,,,,
,,,0.706,82.4,,101.25,,,,,
,,,0.7064,82.4,,101.25,,,,,
,,,0.7068,82.4,,101.25,,,,,
,,,0.7072,81.6,,98.75,,,,,
,,,0.7076,82,,100,,,,,
,,,0.708,82.4,,101.25,,,,,
,,,0.7084,82,,100,,,,,
,,,0.7088,82,,100,,,,,
,,,0.7092,82,,100,,,,,
,,,0.7096,82.4,,101.25,,,,,
,,,0.71,82.4,,101.25,,,,,
,,,0.7104,82.4,,101.25,,,,,
,,,0.7108,82.4,,101.25,,,,,
,,,0.7112,82.4,,101.25,,,,,
,,,0.7116,82.4,,101.25,,,,,
,,,0.712,82,,100,,,,,
,,,0.7124,82,,100,,,,,
,,,0.7128,81.6,,98.75,,,,,
,,,0.7132,82.4,,101.25,,,,,
,,,0.7136,82.4,,101.25,,,,,
,,,0.714,82.4,,101.25,,,,,
,,,0.7144,82.4,,101.25,,,,,
,,,0.7148,82.4,,101.25,,,,,
,,,0.7152,82.4,,101.25,,,,,
,,,0.7156,82.4,,101.25,,,,,
,,,0.716,82.4,,101.25,,,,,
,,,0.7164,82,,100,,,,,
,,,0.7168,82,,100,,,,,
,,,0.7172,82,,100,,,,,
,,,0.7176,82,,100,,,,,
,,,0.718,82,,100,,,,,
,,,0.7184,81.6,,98.75,,,,,
,,,0.7188,82.4,,101.25,,,,,
,,,0.7192,82.8,,102.5,,,,,
,,,0.7196,82.4,,101.25,,,,,
,,,0.72,82.4,,101.25,,,,,
,,,0.7204,82,,100,,,,,
,,,0.7208,82.4,,101.25,,,,,
,,,0.7212,82.4,,101.25,,,,,
,,,0.7216,82.4,,101.25,,,,,
,,,0.722,82,,100,,,,,
,,,0.7224,82,,100,,,,,
,,,0.7228,82,,100,,,,,
,,,0.7232,82,,100,,,,,
,,,0.7236,82,,100,,,,,
,,,0.724,82,,100,,,,,
,,,0.7244,82.4,,101.25,,,,,
,,,0.7248,82.4,,101.25,,,,,
,,,0.7252,82.4,,101.25,,,,,
,,,0.7256,77.6,,86.25,,,,,
,,,0.726,78,,87.5,,,,,
,,,0.7264,77.6,,86.25,,,,,
,,,0.7268,77.6,,86.25,,,,,
,,,0.7272,77.6,,86.25,,,,,
,,,0.7276,81.6,,98.75,,,,,
,,,0.728,81.6,,98.75,,,,,
,,,0.7284,81.2,,97.5,,,,,
,,,0.7288,81.2,,97.5,,,,,
,,,0.7292,80.8,,96.25,,,,,
,,,0.7296,81.6,,98.75,,,,,
,,,0.73,82.4,,101.25,,,,,
,,,0.7304,82,,100,,,,,
,,,0.7308,82.4,,101.25,,,,,
,,,0.7312,81.6,,98.75,,,,,
,,,0.7316,82,,100,,,,,
,,,0.732,82,,100,,,,,
,,,0.7324,82.8,,102.5,,,,,
,,,0.7328,82.4,,101.25,,,,,
,,,0.7332,82.4,,101.25,,,,,
,,,0.7336,82.4,,101.25,,,,,
,,,0.734,82.4,,101.25,,,,,
,,,0.7344,82.4,,101.25,,,,,
,,,0.7348,82.4,,101.25,,,,,
,,,0.7352,82.4,,101.25,,,,,
,,,0.7356,82.4,,101.25,,,,,
,,,0.736,82.4,,101.25,,,,,
,,,0.7364,82.4,,101.25,,,,,
,,,0.7368,82.4,,101.25,,,,,
,,,0.7372,82.8,,102.5,,,,,
,,,0.7376,83.2,,103.75,,,,,
,,,0.738,82.8,,102.5,,,,,
,,,0.7384,82.8,,102.5,,,,,
,,,0.7388,82.4,,101.25,,,,,
,,,0.7392,82.4,,101.25,,,,,
,,,0.7396,82.4,,101.25,,,,,
,,,0.74,82.4,,101.25,,,,,
,,,0.7404,82.4,,101.25,,,,,
,,,0.7408,82.8,,102.5,,,,,
,,,0.7412,83.2,,103.75,,,,,
,,,0.7416,82.4,,101.25,,,,,
,,,0.742,82.4,,101.25,,,,,
,,,0.7424,82.4,,101.25,,,,,
,,,0.7428,82.4,,101.25,,,,,
,,,0.7432,82.4,,101.25,,,,,
,,,0.7436,82.4,,101.25,,,,,
,,,0.744,82.8,,102.5,,,,,
,,,0.7444,82.8,,102.5,,,,,
,,,0.7448,82.4,,101.25,,,,,
,,,0.7452,82.4,,101.25,,,,,
,,,0.7456,82.4,,101.25,,,,,
,,,0.746,83.2,,103.75,,,,,
,,,0.7464,82.4,,101.25,,,,,
,,,0.7468,82.4,,101.25,,,,,
,,,0.7472,82.4,,101.25,,,,,
,,,0.7476,82.4,,101.25,,,,,
,,,0.748,82.4,,101.25,,,,,
,,,0.7484,82.4,,101.25,,,,,
,,,0.7488,82.8,,102.5,,,,,
,,,0.7492,82.8,,102.5,,,,,
,,,0.7496,82.4,,101.25,,,,,
,,,0.75,82.4,,101.25,,,,,
,,,0.7504,82.4,,101.25,,,,,
,,,0.7508,82.4,,101.25,,,,,
,,,0.7512,82.8,,102.5,,,,,
,,,0.7516,82.8,,102.5,,,,,
,,,0.752,82.4,,101.25,,,,,
,,,0.7524,82.4,,101.25,,,,,
,,,0.7528,82.4,,101.25,,,,,
,,,0.7532,82.4,,101.25,,,,,
,,,0.7536,82.4,,101.25,,,,,
,,,0.754,82.4,,101.25,,,,,
,,,0.7544,82.4,,101.25,,,,,
,,,0.7548,82.4,,101.25,,,,,
,,,0.7552,82.4,,101.25,,,,,
,,,0.7556,82,,100,,,,,
,,,0.756,82,,100,,,,,
,,,0.7564,82.4,,101.25,,,,,
,,,0.7568,82.8,,102.5,,,,,
,,,0.7572,82.4,,101.25,,,,,
,,,0.7576,82.4,,101.25,,,,,
,,,0.758,82.4,,101.25,,,,,
,,,0.7584,82.4,,101.25,,,,,
,,,0.7588,82.4,,101.25,,,,,
,,,0.7592,82.4,,101.25,,,,,
,,,0.7596,82.4,,101.25,,,,,
,,,0.76,82.4,,101.25,,,,,
,,,0.7604,82.4,,101.25,,,,,
,,,0.7608,82.4,,101.25,,,,,
,,,0.7612,82,,100,,,,,
,,,0.7616,82,,100,,,,,
,,,0.762,82.4,,101.25,,,,,
,,,0.7624,82.4,,101.25,,,,,
,,,0.7628,82.4,,101.25,,,,,
,,,0.7632,82.4,,101.25,,,,,
,,,0.7636,82,,100,,,,,
,,,0.764,82.4,,101.25,,,,,
,,,0.7644,82,,100,,,,,
,,,0.7648,82.4,,101.25,,,,,
,,,0.7652,82.4,,101.25,,,,,
,,,0.7656,82,,100,,,,,
,,,0.766,82.4,,101.25,,,,,
,,,0.7664,82,,100,,,,,
,,,0.7668,82.4,,101.25,,,,,
,,,0.7672,82,,100,,,,,
,,,0.7676,82,,100,,,,,
,,,0.768,82,,100,,,,,
,,,0.7684,82,,100,,,,,
,,,0.7688,82,,100,,,,,
,,,0.7692,82,,100,,,,,
,,,0.7696,82.4,,101.25,,,,,
,,,0.77,82.4,,101.25,,,,,
,,,0.7704,82.4,,101.25,,,,,
,,,0.7708,82.4,,101.25,,,,,
,,,0.7712,82.4,,101.25,,,,,
,,,0.7716,82,,100,,,,,
,,,0.772,82,,100,,,,,
,,,0.7724,81.6,,98.75,,,,,
,,,0.7728,81.6,,98.75,,,,,
,,,0.7732,82.4,,101.25,,,,,
,,,0.7736,82.8,,102.5,,,,,
,,,0.774,82.4,,101.25,,,,,
,,,0.7744,82,,100,,,,,
,,,0.7748,81.6,,98.75,,,,,
,,,0.7752,82,,100,,,,,
,,,0.7756,82,,100,,,,,
,,,0.776,82,,100,,,,,
,,,0.7764,81.6,,98.75,,,,,
,,,0.7768,82,,100,,,,,
,,,0.7772,81.6,,98.75,,,,,
,,,0.7776,82,,100,,,,,
,,,0.778,81.6,,98.75,,,,,
,,,0.7784,82,,100,,,,,
,,,0.7788,82.4,,101.25,,,,,
,,,0.7792,82,,100,,,,,
,,,0.7796,82,,100,,,,,
,,,0.78,81.6,,98.75,,,,,
,,,0.7804,82,,100,,,,,
,,,0.7808,81.6,,98.75,,,,,
,,,0.7812,81.6,,98.75,,,,,
,,,0.7816,82,,100,,,,,
,,,0.782,81.6,,98.75,,,,,
,,,0.7824,81.6,,98.75,,,,,
,,,0.7828,81.6,,98.75,,,,,
,,,0.7832,81.6,,98.75,,,,,
,,,0.7836,82,,100,,,,,
,,,0.784,82.4,,101.25,,,,,
,,,0.7844,82.4,,101.25,,,,,
,,,0.7848,82,,100,,,,,
,,,0.7852,82.4,,101.25,,,,,
,,,0.7856,82.4,,101.25,,,,,
,,,0.786,82,,100,,,,,
,,,0.7864,82,,100,,,,,
,,,0.7868,82,,100,,,,,
,,,0.7872,82,,100,,,,,
,,,0.7876,82,,100,,,,,
,,,0.788,81.6,,98.75,,,,,
,,,0.7884,82,,100,,,,,
,,,0.7888,82,,100,,,,,
,,,0.7892,82,,100,,,,,
,,,0.7896,82.4,,101.25,,,,,
,,,0.79,82.4,,101.25,,,,,
,,,0.7904,82.4,,101.25,,,,,
,,,0.7908,82,,100,,,,,
,,,0.7912,82,,100,,,,,
,,,0.7916,82,,100,,,,,
,,,0.792,81.6,,98.75,,,,,
,,,0.7924,82,,100,,,,,
,,,0.7928,81.6,,98.75,,,,,
,,,0.7932,82,,100,,,,,
,,,0.7936,82,,100,,,,,
,,,0.794,82,,100,,,,,
,,,0.7944,82,,100,,,,,
,,,0.7948,82,,100,,,,,
,,,0.7952,82.4,,101.25,,,,,
,,,0.7956,82,,100,,,,,
,,,0.796,82,,100,,,,,
,,,0.7964,82.4,,101.25,,,,,
,,,0.7968,82.4,,101.25,,,,,
,,,0.7972,82,,100,,,,,
,,,0.7976,82.4,,101.25,,,,,
,,,0.798,82.4,,101.25,,,,,
,,,0.7984,82.4,,101.25,,,,,
,,,0.7988,82,,100,,,,,
,,,0.7992,82,,100,,,,,
,,,0.7996,82,,100,,,,,
,,,0.8,81.6,,98.75,,,,,
,,,0.8004,82.4,,101.25,,,,,
,,,0.8008,82,,100,,,,,
,,,0.8012,82.4,,101.25,,,,,
,,,0.8016,82,,100,,,,,
,,,0.802,82,,100,,,,,
,,,0.8024,82.4,,101.25,,,,,
,,,0.8028,82.4,,101.25,,,,,
,,,0.8032,82.4,,101.25,,,,,
,,,0.8036,82,,100,,,,,
,,,0.804,82.4,,101.25,,,,,
,,,0.8044,82.4,,101.25,,,,,
,,,0.8048,81.6,,98.75,,,,,
,,,0.8052,82,,100,,,,,
,,,0.8056,82.4,,101.25,,,,,
,,,0.806,82.4,,101.25,,,,,
,,,0.8064,82,,100,,,,,
,,,0.8068,82,,100,,,,,
,,,0.8072,82,,100,,,,,
,,,0.8076,82,,100,,,,,
,,,0.808,82,,100,,,,,
,,,0.8084,82.4,,101.25,,,,,
,,,0.8088,82,,100,,,,,
,,,0.8092,82,,100,,,,,
,,,0.8096,82,,100,,,,,
,,,0.81,82,,100,,,,,
,,,0.8104,82,,100,,,,,
,,,0.8108,82,,100,,,,,
,,,0.8112,82.4,,101.25,,,,,
,,,0.8116,82.4,,101.25,,,,,
,,,0.812,82.4,,101.25,,,,,
,,,0.8124,82.4,,101.25,,,,,
,,,0.8128,82.4,,101.25,,,,,
,,,0.8132,82.4,,101.25,,,,,
,,,0.8136,82.4,,101.25,,,,,
,,,0.814,82,,100,,,,,
,,,0.8144,82,,100,,,,,
,,,0.8148,81.6,,98.75,,,,,
,,,0.8152,81.2,,97.5,,,,,
,,,0.8156,81.6,,98.75,,,,,
,,,0.816,81.2,,97.5,,,,,
,,,0.8164,82,,100,,,,,
,,,0.8168,82.4,,101.25,,,,,
,,,0.8172,82.4,,101.25,,,,,
,,,0.8176,82,,100,,,,,
,,,0.818,82,,100,,,,,
,,,0.8184,82.4,,101.25,,,,,
,,,0.8188,82.4,,101.25,,,,,
,,,0.8192,82,,100,,,,,
,,,0.8196,82,,100,,,,,
,,,0.82,82,,100,,,,,
,,,0.8204,82,,100,,,,,
,,,0.8208,81.6,,98.75,,,,,
,,,0.8212,81.6,,98.75,,,,,
,,,0.8216,81.2,,97.5,,,,,
,,,0.822,82,,100,,,,,
,,,0.8224,81.6,,98.75,,,,,
,,,0.8228,81.6,,98.75,,,,,
,,,0.8232,82,,100,,,,,
,,,0.8236,82,,100,,,,,
,,,0.824,82.4,,101.25,,,,,
,,,0.8244,82,,100,,,,,
,,,0.8248,82.4,,101.25,,,,,
,,,0.8252,82,,100,,,,,
,,,0.8256,82,,100,,,,,
,,,0.826,81.6,,98.75,,,,,
,,,0.8264,81.6,,98.75,,,,,
,,,0.8268,81.6,,98.75,,,,,
,,,0.8272,82,,100,,,,,
,,,0.8276,82.4,,101.25,,,,,
,,,0.828,82,,100,,,,,
,,,0.8284,82,,100,,,,,
,,,0.8288,81.6,,98.75,,,,,
,,,0.8292,82,,100,,,,,
,,,0.8296,82,,100,,,,,
,,,0.83,82,,100,,,,,
,,,0.8304,82.4,,101.25,,,,,
,,,0.8308,82,,100,,,,,
,,,0.8312,82,,100,,,,,
,,,0.8316,82,,100,,,,,
,,,0.832,34.8,,-47.5,,,,,
,,,0.8324,34.8,,-47.5,,,,,
,,,0.8328,34.8,,-47.5,,,,,
,,,0.8332,34.8,,-47.5,,,,,
,,,0.8336,34.8,,-47.5,,,,,
,,,0.834,34.8,,-47.5,,,,,
,,,0.8344,34.8,,-47.5,,,,,
,,,0.8348,34.8,,-47.5,,,,,
,,,0.8352,34.8,,-47.5,,,,,
,,,0.8356,34.8,,-47.5,,,,,
,,,0.836,34.8,,-47.5,,,,,
,,,0.8364,34.8,,-47.5,,,,,
,,,0.8368,34.8,,-47.5,,,,,
,,,0.8372,34.8,,-47.5,,,,,
,,,0.8376,34.8,,-47.5,,,,,
,,,0.838,34.8,,-47.5,,,,,
,,,0.8384,34.8,,-47.5,,,,,
,,,0.8388,34.8,,-47.5,,,,,
,,,0.8392,34.8,,-47.5,,,,,
,,,0.8396,34.8,,-47.5,,,,,
,,,0.84,34.8,,-47.5,,,,,
,,,0.8404,34.8,,-47.5,,,,,
,,,0.8408,34.8,,-47.5,,,,,
,,,0.8412,34.8,,-47.5,,,,,
,,,0.8416,34.8,,-47.5,,,,,
,,,0.842,34.8,,-47.5,,,,,
,,,0.8424,34.8,,-47.5,,,,,
,,,0.8428,34.8,,-47.5,,,,,
,,,0.8432,34.8,,-47.5,,,,,
,,,0.8436,34.8,,-47.5,,,,,
,,,0.844,34.8,,-47.5,,,,,
,,,0.8444,34.8,,-47.5,,,,,
,,,0.8448,34.8,,-47.5,,,,,
,,,0.8452,34.8,,-47.5,,,,,
,,,0.8456,34.8,,-47.5,,,,,
,,,0.846,34.8,,-47.5,,,,,
,,,0.8464,34.8,,-47.5,,,,,
,,,0.8468,34.8,,-47.5,,,,,
,,,0.8472,34.8,,-47.5,,,,,
,,,0.8476,34.8,,-47.5,,,,,
,,,0.848,34.8,,-47.5,,,,,
,,,0.8484,34.8,,-47.5,,,,,
,,,0.8488,34.8,,-47.5,,,,,
,,,0.8492,34.8,,-47.5,,,,,
,,,0.8496,34.8,,-47.5,,,,,
,,,0.85,34.8,,-47.5,,,,,
,,,0.8504,34.8,,-47.5,,,,,
,,,0.8508,34.8,,-47.5,,,,,
,,,0.8512,34.8,,-47.5,,,,,
,,,0.8516,34.8,,-47.5,,,,,
,,,0.852,34.8,,-47.5,,,,,
,,,0.8524,34.8,,-47.5,,,,,
,,,0.8528,34.8,,-47.5,,,,,
,,,0.8532,34.8,,-47.5,,,,,
,,,0.8536,34.8,,-47.5,,,,,
,,,0.854,34.8,,-47.5,,,,,
,,,0.8544,34.8,,-47.5,,,,,
,,,0.8548,34.8,,-47.5,,,,,
,,,0.8552,34.8,,-47.5,,,,,
,,,0.8556,34.8,,-47.5,,,,,
,,,0.856,34.8,,-47.5,,,,,
,,,0.8564,34.8,,-47.5,,,,,
,,,0.8568,34.8,,-47.5,,,,,
,,,0.8572,34.8,,-47.5,,,,,
,,,0.8576,34.8,,-47.5,,,,,
,,,0.858,34.8,,-47.5,,,,,
,,,0.8584,34.8,,-47.5,,,,,
,,,0.8588,34.8,,-47.5,,,,,
,,,0.8592,34.8,,-47.5,,,,,
,,,0.8596,34.8,,-47.5,,,,,
,,,0.86,34.8,,-47.5,,,,,
,,,0.8604,34.8,,-47.5,,,,,
,,,0.8608,34.8,,-47.5,,,,,
,,,0.8612,34.8,,-47.5,,,,,
,,,0.8616,34.8,,-47.5,,,,,
,,,0.862,34.8,,-47.5,,,,,
,,,0.8624,34.8,,-47.5,,,,,
,,,0.8628,34.8,,-47.5,,,,,
,,,0.8632,34.8,,-47.5,,,,,
,,,0.8636,34.8,,-47.5,,,,,
,,,0.864,34.8,,-47.5,,,,,
,,,0.8644,34.8,,-47.5,,,,,
,,,0.8648,34.8,,-47.5,,,,,
,,,0.8652,34.8,,-47.5,,,,,
,,,0.8656,34.8,,-47.5,,,,,
,,,0.866,34.8,,-47.5,,,,,
,,,0.8664,34.8,,-47.5,,,,,
,,,0.8668,34.8,,-47.5,,,,,
,,,0.8672,34.8,,-47.5,,,,,
,,,0.8676,34.8,,-47.5,,,,,
,,,0.868,34.8,,-47.5,,,,,
,,,0.8684,34.8,,-47.5,,,,,
,,,0.8688,34.8,,-47.5,,,,,
,,,0.8692,34.8,,-47.5,,,,,
,,,0.8696,34.8,,-47.5,,,,,
,,,0.87,34.8,,-47.5,,,,,
,,,0.8704,34.8,,-47.5,,,,,
,,,0.8708,34.8,,-47.5,,,,,
,,,0.8712,34.8,,-47.5,,,,,
,,,0.8716,34.8,,-47.5,,,,,
,,,0.872,34.8,,-47.5,,,,,
,,,0.8724,34.8,,-47.5,,,,,
,,,0.8728,34.8,,-47.5,,,,,
,,,0.8732,34.8,,-47.5,,,,,
,,,0.8736,34.8,,-47.5,,,,,
,,,0.874,34.8,,-47.5,,,,,
,,,0.8744,34.8,,-47.5,,,,,
,,,0.8748,34.8,,-47.5,,,,,
,,,0.8752,34.8,,-47.5,,,,,
,,,0.8756,34.8,,-47.5,,,,,
,,,0.876,34.8,,-47.5,,,,,
,,,0.8764,34.8,,-47.5,,,,,
,,,0.8768,34.8,,-47.5,,,,,
,,,0.8772,34.8,,-47.5,,,,,
,,,0.8776,34.8,,-47.5,,,,,
,,,0.878,34.8,,-47.5,,,,,
,,,0.8784,34.8,,-47.5,,,,,
,,,0.8788,34.8,,-47.5,,,,,
,,,0.8792,34.8,,-47.5,,,,,
,,,0.8796,34.8,,-47.5,,,,,
,,,0.88,34.8,,-47.5,,,,,
,,,0.8804,34.8,,-47.5,,,,,
,,,0.8808,34.8,,-47.5,,,,,
,,,0.8812,34.8,,-47.5,,,,,
,,,0.8816,34.8,,-47.5,,,,,
,,,0.882,34.8,,-47.5,,,,,
,,,0.8824,34.8,,-47.5,,,,,
,,,0.8828,34.8,,-47.5,,,,,
,,,0.8832,34.8,,-47.5,,,,,
,,,0.8836,34.8,,-47.5,,,,,
,,,0.884,34.8,,-47.5,,,,,
,,,0.8844,34.8,,-47.5,,,,,
,,,0.8848,34.8,,-47.5,,,,,
,,,0.8852,34.8,,-47.5,,,,,
,,,0.8856,34.8,,-47.5,,,,,
,,,0.886,34.8,,-47.5,,,,,
,,,0.8864,34.8,,-47.5,,,,,
,,,0.8868,34.8,,-47.5,,,,,
,,,0.8872,34.8,,-47.5,,,,,
,,,0.8876,34.8,,-47.5,,,,,
,,,0.888,34.8,,-47.5,,,,,
,,,0.8884,34.8,,-47.5,,,,,
,,,0.8888,34.8,,-47.5,,,,,
,,,0.8892,34.8,,-47.5,,,,,
,,,0.8896,34.8,,-47.5,,,,,
,,,0.89,34.8,,-47.5,,,,,
,,,0.8904,34.8,,-47.5,,,,,
,,,0.8908,34.8,,-47.5,,,,,
,,,0.8912,34.8,,-47.5,,,,,
,,,0.8916,34.8,,-47.5,,,,,
,,,0.892,34.8,,-47.5,,,,,
,,,0.8924,34.8,,-47.5,,,,,
,,,0.8928,34.8,,-47.5,,,,,
,,,0.8932,34.8,,-47.5,,,,,
,,,0.8936,34.8,,-47.5,,,,,
,,,0.894,34.8,,-47.5,,,,,
,,,0.8944,34.8,,-47.5,,,,,
,,,0.8948,34.8,,-47.5,,,,,
,,,0.8952,34.8,,-47.5,,,,,
,,,0.8956,34.8,,-47.5,,,,,
,,,0.896,34.8,,-47.5,,,,,
,,,0.8964,34.8,,-47.5,,,,,
,,,0.8968,34.8,,-47.5,,,,,
,,,0.8972,34.8,,-47.5,,,,,
,,,0.8976,34.8,,-47.5,,,,,
,,,0.898,34.8,,-47.5,,,,,
,,,0.8984,34.8,,-47.5,,,,,
,,,0.8988,34.8,,-47.5,,,,,
,,,0.8992,34.8,,-47.5,,,,,
,,,0.8996,34.8,,-47.5,,,,,
,,,0.9,34.8,,-47.5,,,,,
,,,0.9004,34.8,,-47.5,,,,,
,,,0.9008,34.8,,-47.5,,,,,
,,,0.9012,34.8,,-47.5,,,,,
,,,0.9016,34.8,,-47.5,,,,,
,,,0.902,34.8,,-47.5,,,,,
,,,0.9024,34.8,,-47.5,,,,,
,,,0.9028,34.8,,-47.5,,,,,
,,,0.9032,34.8,,-47.5,,,,,
,,,0.9036,34.8,,-47.5,,,,,
,,,0.904,34.8,,-47.5,,,,,
,,,0.9044,34.8,,-47.5,,,,,
,,,0.9048,34.8,,-47.5,,,,,
,,,0.9052,34.8,,-47.5,,,,,
,,,0.9056,34.8,,-47.5,,,,,
,,,0.906,34.8,,-47.5,,,,,
,,,0.9064,34.8,,-47.5,,,,,
,,,0.9068,34.8,,-47.5,,,,,
,,,0.9072,34.8,,-47.5,,,,,
,,,0.9076,34.8,,-47.5,,,,,
,,,0.908,34.8,,-47.5,,,,,
,,,0.9084,34.8,,-47.5,,,,,
,,,0.9088,34.8,,-47.5,,,,,
,,,0.9092,34.8,,-47.5,,,,,
,,,0.9096,34.8,,-47.5,,,,,
,,,0.91,34.8,,-47.5,,,,,
,,,0.9104,34.8,,-47.5,,,,,
,,,0.9108,34.8,,-47.5,,,,,
,,,0.9112,34.8,,-47.5,,,,,
,,,0.9116,34.8,,-47.5,,,,,
,,,0.912,34.8,,-47.5,,,,,
,,,0.9124,34.8,,-47.5,,,,,
,,,0.9128,34.8,,-47.5,,,,,
,,,0.9132,34.8,,-47.5,,,,,
,,,0.9136,34.8,,-47.5,,,,,
,,,0.914,34.8,,-47.5,,,,,
,,,0.9144,34.8,,-47.5,,,,,
,,,0.9148,34.8,,-47.5,,,,,
,,,0.9152,34.8,,-47.5,,,,,
,,,0.9156,34.8,,-47.5,,,,,
,,,0.916,34.8,,-47.5,,,,,
,,,0.9164,34.8,,-47.5,,,,,
,,,0.9168,34.8,,-47.5,,,,,
,,,0.9172,34.8,,-47.5,,,,,
,,,0.9176,34.8,,-47.5,,,,,
,,,0.918,34.8,,-47.5,,,,,
,,,0.9184,34.8,,-47.5,,,,,
,,,0.9188,34.8,,-47.5,,,,,
,,,0.9192,34.8,,-47.5,,,,,
,,,0.9196,34.8,,-47.5,,,,,
,,,0.92,34.8,,-47.5,,,,,
,,,0.9204,34.8,,-47.5,,,,,
,,,0.9208,34.8,,-47.5,,,,,
,,,0.9212,34.8,,-47.5,,,,,
,,,0.9216,34.8,,-47.5,,,,,
,,,0.922,34.8,,-47.5,,,,,
,,,0.9224,34.8,,-47.5,,,,,
,,,0.9228,34.8,,-47.5,,,,,
,,,0.9232,34.8,,-47.5,,,,,
,,,0.9236,34.8,,-47.5,,,,,
,,,0.924,34.8,,-47.5,,,,,
,,,0.9244,34.8,,-47.5,,,,,
,,,0.9248,34.8,,-47.5,,,,,
,,,0.9252,34.8,,-47.5,,,,,
,,,0.9256,34.8,,-47.5,,,,,
,,,0.926,34.8,,-47.5,,,,,
,,,0.9264,34.8,,-47.5,,,,,
,,,0.9268,34.8,,-47.5,,,,,
,,,0.9272,34.8,,-47.5,,,,,
,,,0.9276,34.8,,-47.5,,,,,
,,,0.928,34.8,,-47.5,,,,,
,,,0.9284,34.8,,-47.5,,,,,
,,,0.9288,34.8,,-47.5,,,,,
,,,0.9292,34.8,,-47.5,,,,,
,,,0.9296,34.8,,-47.5,,,,,
,,,0.93,34.8,,-47.5,,,,,
,,,0.9304,34.8,,-47.5,,,,,
,,,0.9308,34.8,,-47.5,,,,,
,,,0.9312,34.8,,-47.5,,,,,
,,,0.9316,34.8,,-47.5,,,,,
,,,0.932,49.6,,-1.25,,,,,
,,,0.9324,50,,0,,,,,
,,,0.9328,50,,0,,,,,
,,,0.9332,50,,0,,,,,
,,,0.9336,50,,0,,,,,
,,,0.934,50,,0,,,,,
,,,0.9344,49.6,,-1.25,,,,,
,,,0.9348,50,,0,,,,,
,,,0.9352,50,,0,,,,,
,,,0.9356,49.6,,-1.25,,,,,
,,,0.936,49.6,,-1.25,,,,,
,,,0.9364,50,,0,,,,,
,,,0.9368,50,,0,,,,,
,,,0.9372,50,,0,,,,,
,,,0.9376,50,,0,,,,,
,,,0.938,50,,0,,,,,
,,,0.9384,49.6,,-1.25,,,,,
,,,0.9388,50,,0,,,,,
,,,0.9392,50,,0,,,,,
,,,0.9396,49.6,,-1.25,,,,,
,,,0.94,50,,0,,,,,
,,,0.9404,49.6,,-1.25,,,,,
,,,0.9408,49.6,,-1.25,,,,,
,,,0.9412,50.4,,1.25,,,,,
,,,0.9416,50,,0,,,,,
,,,0.942,50,,0,,,,,
,,,0.9424,50,,0,,,,,
,,,0.9428,50,,0,,,,,
,,,0.9432,50,,0,,,,,
,,,0.9436,50,,0,,,,,
,,,0.944,50,,0,,,,,
,,,0.9444,50,,0,,,,,
,,,0.9448,50,,0,,,,,
,,,0.9452,50,,0,,,,,
,,,0.9456,50,,0,,,,,
,,,0.946,50.4,,1.25,,,,,
,,,0.9464,50,,0,,,,,
,,,0.9468,50,,0,,,,,
,,,0.9472,49.6,,-1.25,,,,,
,,,0.9476,50,,0,,,,,
,,,0.948,50,,0,,,,,
,,,0.9484,50,,0,,,,,
,,,0.9488,50,,0,,,,,
,,,0.9492,49.6,,-1.25,,,,,
,,,0.9496,49.6,,-1.25,,,,,
,,,0.95,50,,0,,,,,
,,,0.9504,50,,0,,,,,
,,,0.9508,50,,0,,,,,
,,,0.9512,50,,0,,,,,
,,,0.9516,50,,0,,,,,
,,,0.952,50,,0,,,,,
,,,0.9524,50,,0,,,,,
,,,0.9528,49.6,,-1.25,,,,,
,,,0.9532,50,,0,,,,,
,,,0.9536,49.6,,-1.25,,,,,
,,,0.954,50,,0,,,,,
,,,0.9544,49.6,,-1.25,,,,,
,,,0.9548,49.6,,-1.25,,,,,
,,,0.9552,50,,0,,,,,
,,,0.9556,50,,0,,,,,
,,,0.956,50,,0,,,,,
,,,0.9564,50,,0,,,,,
,,,0.9568,50,,0,,,,,
,,,0.9572,50,,0,,,,,
,,,0.9576,50,,0,,,,,
,,,0.958,50,,0,,,,,
,,,0.9584,50,,0,,,,,
,,,0.9588,50,,0,,,,,
,,,0.9592,50,,0,,,,,
,,,0.9596,50,,0,,,,,
,,,0.96,50,,0,,,,,
,,,0.9604,50,,0,,,,,
,,,0.9608,50,,0,,,,,
,,,0.9612,49.6,,-1.25,,,,,
,,,0.9616,50,,0,,,,,
,,,0.962,50,,0,,,,,
,,,0.9624,50,,0,,,,,
,,,0.9628,49.6,,-1.25,,,,,
,,,0.9632,50,,0,,,,,
,,,0.9636,49.6,,-1.25,,,,,
,,,0.964,49.6,,-1.25,,,,,
,,,0.9644,49.6,,-1.25,,,,,
,,,0.9648,50,,0,,,,,
,,,0.9652,50,,0,,,,,
,,,0.9656,50,,0,,,,,
,,,0.966,50,,0,,,,,
,,,0.9664,50,,0,,,,,
,,,0.9668,50,,0,,,,,
,,,0.9672,50,,0,,,,,
,,,0.9676,50,,0,,,,,
,,,0.968,50,,0,,,,,
,,,0.9684,50,,0,,,,,
,,,0.9688,49.6,,-1.25,,,,,
,,,0.9692,49.6,,-1.25,,,,,
,,,0.9696,50,,0,,,,,
,,,0.97,49.6,,-1.25,,,,,
,,,0.9704,50,,0,,,,,
,,,0.9708,50,,0,,,,,
,,,0.9712,50,,0,,,,,
,,,0.9716,49.6,,-1.25,,,,,
,,,0.972,50,,0,,,,,
,,,0.9724,50,,0,,,,,
,,,0.9728,49.6,,-1.25,,,,,
,,,0.9732,49.6,,-1.25,,,,,
,,,0.9736,49.6,,-1.25,,,,,
,,,0.974,49.6,,-1.25,,,,,
,,,0.9744,50,,0,,,,,
,,,0.9748,50,,0,,,,,
,,,0.9752,50,,0,,,,,
,,,0.9756,50,,0,,,,,
,,,0.976,50,,0,,,,,
,,,0.9764,50,,0,,,,,
,,,0.9768,50,,0,,,,,
,,,0.9772,49.6,,-1.25,,,,,
,,,0.9776,50,,0,,,,,
,,,0.978,49.6,,-1.25,,,,,
,,,0.9784,49.6,,-1.25,,,,,
,,,0.9788,50,,0,,,,,
,,,0.9792,50,,0,,,,,
,,,0.9796,49.6,,-1.25,,,,,
,,,0.98,50,,0,,,,,
,,,0.9804,50,,0,,,,,
,,,0.9808,50,,0,,,,,
,,,0.9812,50,,0,,,,,
,,,0.9816,50,,0,,,,,
,,,0.982,50,,0,,,,,
,,,0.9824,49.6,,-1.25,,,,,
,,,0.9828,49.6,,-1.25,,,,,
,,,0.9832,50,,0,,,,,
,,,0.9836,50,,0,,,,,
,,,0.984,50,,0,,,,,
,,,0.9844,50,,0,,,,,
,,,0.9848,50,,0,,,,,
,,,0.9852,50,,0,,,,,
,,,0.9856,50,,0,,,,,
,,,0.986,50,,0,,,,,
,,,0.9864,49.6,,-1.25,,,,,
,,,0.9868,50,,0,,,,,
,,,0.9872,49.6,,-1.25,,,,,
,,,0.9876,49.6,,-1.25,,,,,
,,,0.988,50,,0,,,,,
,,,0.9884,50.4,,1.25,,,,,
,,,0.9888,50,,0,,,,,
,,,0.9892,49.6,,-1.25,,,,,
,,,0.9896,50,,0,,,,,
,,,0.99,49.6,,-1.25,,,,,
,,,0.9904,50,,0,,,,,
,,,0.9908,50,,0,,,,,
,,,0.9912,50,,0,,,,,
,,,0.9916,50,,0,,,,,
,,,0.992,50,,0,,,,,
,,,0.9924,50,,0,,,,,
,,,0.9928,49.6,,-1.25,,,,,
,,,0.9932,50,,0,,,,,
,,,0.9936,50,,0,,,,,
,,,0.994,50,,0,,,,,
,,,0.9944,50,,0,,,,,
,,,0.9948,50,,0,,,,,
,,,0.9952,50,,0,,,,,
,,,0.9956,50,,0,,,,,
,,,0.996,50,,0,,,,,
,,,0.9964,50,,0,,,,,
,,,0.9968,50,,0,,,,,
,,,0.9972,50,,0,,,,,
,,,0.9976,50,,0,,,,,
,,,0.998,49.6,,-1.25,,,,,
,,,0.9984,50,,0,,,,,
,,,0.9988,50,,0,,,,,
,,,0.9992,50,,0,,,,,
,,,0.9996,50,,0,,,,,
