Record Length,2.50E+03,,0,50
Sample Interval,4.00E-04,,0.0004,50
Trigger Point,0.00E+00,,0.0008,50
,,,0.0012,50
,,,0.0016,50
,,,0.002,50
Source,CH1,,0.0024,50
Vertical Units,V,,0.0028,50
Vertical Scale,1.00E+01,,0.0032,50
Vertical Offset,-8.28E+01,,0.0036,49.6
Horizontal Units,s,,0.004,50
Horizontal Scale,1.00E-01,,0.0044,50
Pt Fmt,Y,,0.0048,50
Yzero,0.00E+00,,0.0052,50
Probe Atten,1.00E+01,,0.0056,50
Model Number,TDS2022B,,0.006,50
Serial Number,C051976,,0.0064,50
Firmware Version,FV:v22.01,,0.0068,49.6
,,,0.0072,50.4
,,,0.0076,50
,,,0.008,50
,,,0.0084,50
,,,0.0088,49.6
,,,0.0092,50
,,,0.0096,50
,,,0.01,49.6
,,,0.0104,50
,,,0.0108,50
,,,0.0112,50
,,,0.0116,50
,,,0.012,50
,,,0.0124,50
,,,0.0128,50
,,,0.0132,50
,,,0.0136,50
,,,0.014,50
,,,0.0144,50
,,,0.0148,50
,,,0.0152,50
,,,0.0156,49.6
,,,0.016,50
,,,0.0164,49.6
,,,0.0168,50
,,,0.0172,50.4
,,,0.0176,50
,,,0.018,50
,,,0.0184,50
,,,0.0188,50
,,,0.0192,50
,,,0.0196,50
,,,0.02,50
,,,0.0204,50
,,,0.0208,50.4
,,,0.0212,50
,,,0.0216,50
,,,0.022,50
,,,0.0224,49.6
,,,0.0228,50
,,,0.0232,50
,,,0.0236,50
,,,0.024,50
,,,0.0244,50
,,,0.0248,50
,,,0.0252,50
,,,0.0256,50
,,,0.026,50
,,,0.0264,50
,,,0.0268,50
,,,0.0272,50
,,,0.0276,50
,,,0.028,50
,,,0.0284,50
,,,0.0288,49.6
,,,0.0292,50
,,,0.0296,50
,,,0.03,50
,,,0.0304,50
,,,0.0308,50
,,,0.0312,50
,,,0.0316,50
,,,0.032,50
,,,0.0324,50
,,,0.0328,50
,,,0.0332,50
,,,0.0336,50
,,,0.034,49.6
,,,0.0344,49.6
,,,0.0348,50
,,,0.0352,50
,,,0.0356,50
,,,0.036,50.4
,,,0.0364,50
,,,0.0368,50
,,,0.0372,50
,,,0.0376,50.4
,,,0.038,50
,,,0.0384,50
,,,0.0388,50
,,,0.0392,50.4
,,,0.0396,50
,,,0.04,50
,,,0.0404,50
,,,0.0408,50
,,,0.0412,50
,,,0.0416,50
,,,0.042,50
,,,0.0424,50.4
,,,0.0428,50
,,,0.0432,50
,,,0.0436,50
,,,0.044,50
,,,0.0444,50
,,,0.0448,50
,,,0.0452,50
,,,0.0456,50
,,,0.046,50
,,,0.0464,50
,,,0.0468,50
,,,0.0472,50
,,,0.0476,50
,,,0.048,50
,,,0.0484,49.6
,,,0.0488,50
,,,0.0492,50
,,,0.0496,50
,,,0.05,50
,,,0.0504,50
,,,0.0508,50
,,,0.0512,50
,,,0.0516,50
,,,0.052,50
,,,0.0524,50
,,,0.0528,49.6
,,,0.0532,50
,,,0.0536,49.6
,,,0.054,50
,,,0.0544,49.6
,,,0.0548,50
,,,0.0552,50.4
,,,0.0556,50
,,,0.056,50
,,,0.0564,50
,,,0.0568,50
,,,0.0572,50
,,,0.0576,50
,,,0.058,50
,,,0.0584,50
,,,0.0588,50
,,,0.0592,50
,,,0.0596,50
,,,0.06,50
,,,0.0604,50
,,,0.0608,49.6
,,,0.0612,50
,,,0.0616,50
,,,0.062,50
,,,0.0624,50
,,,0.0628,50
,,,0.0632,50
,,,0.0636,50
,,,0.064,50
,,,0.0644,50
,,,0.0648,50
,,,0.0652,50
,,,0.0656,50
,,,0.066,50
,,,0.0664,49.6
,,,0.0668,50
,,,0.0672,50
,,,0.0676,50
,,,0.068,50
,,,0.0684,50.4
,,,0.0688,50
,,,0.0692,50
,,,0.0696,50.4
,,,0.07,50
,,,0.0704,50
,,,0.0708,50
,,,0.0712,50
,,,0.0716,50
,,,0.072,50
,,,0.0724,50
,,,0.0728,50
,,,0.0732,50
,,,0.0736,49.6
,,,0.074,50
,,,0.0744,50.4
,,,0.0748,50
,,,0.0752,50
,,,0.0756,50
,,,0.076,50
,,,0.0764,50
,,,0.0768,50
,,,0.0772,50
,,,0.0776,50
,,,0.078,50
,,,0.0784,50
,,,0.0788,49.6
,,,0.0792,50
,,,0.0796,49.6
,,,0.08,49.6
,,,0.0804,50.4
,,,0.0808,50
,,,0.0812,50
,,,0.0816,50
,,,0.082,50
,,,0.0824,50
,,,0.0828,50.4
,,,0.0832,50
,,,0.0836,50
,,,0.084,50
,,,0.0844,50
,,,0.0848,50
,,,0.0852,50
,,,0.0856,50
,,,0.086,50
,,,0.0864,50
,,,0.0868,50
,,,0.0872,50
,,,0.0876,50
,,,0.088,50
,,,0.0884,50
,,,0.0888,50
,,,0.0892,50
,,,0.0896,50
,,,0.09,50
,,,0.0904,50
,,,0.0908,50
,,,0.0912,50
,,,0.0916,50
,,,0.092,50
,,,0.0924,49.6
,,,0.0928,50
,,,0.0932,50.4
,,,0.0936,50
,,,0.094,50
,,,0.0944,50
,,,0.0948,50.4
,,,0.0952,50
,,,0.0956,50
,,,0.096,50
,,,0.0964,49.6
,,,0.0968,50.4
,,,0.0972,50
,,,0.0976,50
,,,0.098,50
,,,0.0984,50
,,,0.0988,50
,,,0.0992,49.6
,,,0.0996,50.8
,,,0.1,50.4
,,,0.1004,50
,,,0.1008,50.4
,,,0.1012,50
,,,0.1016,50.4
,,,0.102,50
,,,0.1024,50
,,,0.1028,50
,,,0.1032,49.6
,,,0.1036,50
,,,0.104,50
,,,0.1044,50
,,,0.1048,50
,,,0.1052,49.6
,,,0.1056,50
,,,0.106,50
,,,0.1064,50
,,,0.1068,50
,,,0.1072,50
,,,0.1076,50
,,,0.108,50.4
,,,0.1084,50
,,,0.1088,50
,,,0.1092,50
,,,0.1096,50
,,,0.11,50
,,,0.1104,50
,,,0.1108,50
,,,0.1112,49.6
,,,0.1116,50
,,,0.112,50
,,,0.1124,50.4
,,,0.1128,50.4
,,,0.1132,50
,,,0.1136,50
,,,0.114,50
,,,0.1144,50
,,,0.1148,50
,,,0.1152,50
,,,0.1156,50
,,,0.116,49.6
,,,0.1164,50.4
,,,0.1168,50
,,,0.1172,50
,,,0.1176,50
,,,0.118,50
,,,0.1184,49.6
,,,0.1188,50.4
,,,0.1192,50
,,,0.1196,50.4
,,,0.12,50
,,,0.1204,50
,,,0.1208,50
,,,0.1212,50
,,,0.1216,50
,,,0.122,49.6
,,,0.1224,50
,,,0.1228,50
,,,0.1232,50
,,,0.1236,50
,,,0.124,50
,,,0.1244,49.6
,,,0.1248,50
,,,0.1252,50.4
,,,0.1256,50
,,,0.126,50
,,,0.1264,50
,,,0.1268,50.4
,,,0.1272,50
,,,0.1276,50
,,,0.128,50.4
,,,0.1284,50
,,,0.1288,50
,,,0.1292,50
,,,0.1296,50
,,,0.13,49.6
,,,0.1304,50
,,,0.1308,50
,,,0.1312,50
,,,0.1316,50
,,,0.132,50
,,,0.1324,50
,,,0.1328,50
,,,0.1332,50
,,,0.1336,50
,,,0.134,50
,,,0.1344,50
,,,0.1348,50
,,,0.1352,50
,,,0.1356,50.4
,,,0.136,50
,,,0.1364,50
,,,0.1368,50
,,,0.1372,50
,,,0.1376,50
,,,0.138,50
,,,0.1384,50
,,,0.1388,50
,,,0.1392,50
,,,0.1396,50.4
,,,0.14,50
,,,0.1404,50
,,,0.1408,50
,,,0.1412,50
,,,0.1416,50
,,,0.142,50
,,,0.1424,50
,,,0.1428,50
,,,0.1432,50
,,,0.1436,50
,,,0.144,50
,,,0.1444,50.4
,,,0.1448,50
,,,0.1452,50
,,,0.1456,50
,,,0.146,50
,,,0.1464,50
,,,0.1468,50
,,,0.1472,49.6
,,,0.1476,50
,,,0.148,50
,,,0.1484,50.4
,,,0.1488,50
,,,0.1492,50
,,,0.1496,49.6
,,,0.15,50
,,,0.1504,50.4
,,,0.1508,50
,,,0.1512,50.4
,,,0.1516,50
,,,0.152,50
,,,0.1524,50
,,,0.1528,50
,,,0.1532,50
,,,0.1536,50
,,,0.154,50
,,,0.1544,50
,,,0.1548,50
,,,0.1552,50
,,,0.1556,50
,,,0.156,50
,,,0.1564,50
,,,0.1568,50
,,,0.1572,50.4
,,,0.1576,50
,,,0.158,50
,,,0.1584,50
,,,0.1588,50
,,,0.1592,50
,,,0.1596,50
,,,0.16,50
,,,0.1604,50
,,,0.1608,50
,,,0.1612,50
,,,0.1616,50
,,,0.162,50
,,,0.1624,49.6
,,,0.1628,49.6
,,,0.1632,50.4
,,,0.1636,50
,,,0.164,50
,,,0.1644,50
,,,0.1648,50
,,,0.1652,50
,,,0.1656,49.6
,,,0.166,50
,,,0.1664,50
,,,0.1668,50.4
,,,0.1672,50
,,,0.1676,50
,,,0.168,50
,,,0.1684,49.6
,,,0.1688,50
,,,0.1692,50
,,,0.1696,50
,,,0.17,50
,,,0.1704,50.4
,,,0.1708,50
,,,0.1712,50.4
,,,0.1716,50
,,,0.172,50
,,,0.1724,50
,,,0.1728,50
,,,0.1732,50
,,,0.1736,50
,,,0.174,50
,,,0.1744,50
,,,0.1748,50
,,,0.1752,50
,,,0.1756,50
,,,0.176,50
,,,0.1764,50
,,,0.1768,50
,,,0.1772,50
,,,0.1776,50
,,,0.178,50
,,,0.1784,50.4
,,,0.1788,50.4
,,,0.1792,50
,,,0.1796,50
,,,0.18,50
,,,0.1804,50
,,,0.1808,50
,,,0.1812,50
,,,0.1816,49.6
,,,0.182,50
,,,0.1824,50
,,,0.1828,50
,,,0.1832,50
,,,0.1836,50
,,,0.184,50
,,,0.1844,50
,,,0.1848,50
,,,0.1852,50
,,,0.1856,50
,,,0.186,50
,,,0.1864,50.4
,,,0.1868,50
,,,0.1872,50
,,,0.1876,50
,,,0.188,50
,,,0.1884,50
,,,0.1888,50
,,,0.1892,50
,,,0.1896,50
,,,0.19,50
,,,0.1904,50
,,,0.1908,50
,,,0.1912,50
,,,0.1916,50
,,,0.192,50
,,,0.1924,50
,,,0.1928,50
,,,0.1932,50.4
,,,0.1936,50
,,,0.194,50
,,,0.1944,49.6
,,,0.1948,50
,,,0.1952,50
,,,0.1956,50
,,,0.196,50
,,,0.1964,50
,,,0.1968,50
,,,0.1972,50
,,,0.1976,50
,,,0.198,50
,,,0.1984,50
,,,0.1988,50
,,,0.1992,50
,,,0.1996,50
,,,0.2,50
,,,0.2004,49.6
,,,0.2008,50
,,,0.2012,50
,,,0.2016,50.4
,,,0.202,50.4
,,,0.2024,50.4
,,,0.2028,50
,,,0.2032,50
,,,0.2036,50
,,,0.204,50
,,,0.2044,50
,,,0.2048,50
,,,0.2052,50
,,,0.2056,50
,,,0.206,50
,,,0.2064,50
,,,0.2068,50
,,,0.2072,50
,,,0.2076,50.4
,,,0.208,50
,,,0.2084,50
,,,0.2088,50
,,,0.2092,50
,,,0.2096,50
,,,0.21,50
,,,0.2104,50
,,,0.2108,50.4
,,,0.2112,50
,,,0.2116,50
,,,0.212,50
,,,0.2124,50
,,,0.2128,50
,,,0.2132,50
,,,0.2136,50
,,,0.214,50
,,,0.2144,50
,,,0.2148,50
,,,0.2152,50
,,,0.2156,50
,,,0.216,50.4
,,,0.2164,50
,,,0.2168,50
,,,0.2172,50
,,,0.2176,50.4
,,,0.218,50
,,,0.2184,49.6
,,,0.2188,50
,,,0.2192,49.6
,,,0.2196,50.4
,,,0.22,50
,,,0.2204,50
,,,0.2208,50
,,,0.2212,50
,,,0.2216,50
,,,0.222,50
,,,0.2224,50
,,,0.2228,50
,,,0.2232,50
,,,0.2236,50.4
,,,0.224,49.6
,,,0.2244,49.6
,,,0.2248,50
,,,0.2252,49.6
,,,0.2256,50
,,,0.226,50
,,,0.2264,50.4
,,,0.2268,50
,,,0.2272,50.4
,,,0.2276,50
,,,0.228,50
,,,0.2284,50
,,,0.2288,50
,,,0.2292,50
,,,0.2296,50
,,,0.23,50
,,,0.2304,50
,,,0.2308,50
,,,0.2312,50
,,,0.2316,50
,,,0.232,50
,,,0.2324,50.4
,,,0.2328,50
,,,0.2332,50.4
,,,0.2336,50
,,,0.234,49.6
,,,0.2344,50
,,,0.2348,50
,,,0.2352,50
,,,0.2356,50
,,,0.236,50
,,,0.2364,50
,,,0.2368,50
,,,0.2372,50
,,,0.2376,50
,,,0.238,50
,,,0.2384,50
,,,0.2388,50
,,,0.2392,50
,,,0.2396,50
,,,0.24,50
,,,0.2404,50
,,,0.2408,50.4
,,,0.2412,50
,,,0.2416,50
,,,0.242,50
,,,0.2424,50
,,,0.2428,50
,,,0.2432,50
,,,0.2436,49.6
,,,0.244,50
,,,0.2444,50
,,,0.2448,50
,,,0.2452,50
,,,0.2456,50
,,,0.246,50
,,,0.2464,50
,,,0.2468,50.4
,,,0.2472,50
,,,0.2476,49.6
,,,0.248,50
,,,0.2484,50
,,,0.2488,50
,,,0.2492,50
,,,0.2496,50
,,,0.25,50
,,,0.2504,50
,,,0.2508,50
,,,0.2512,50.4
,,,0.2516,50.4
,,,0.252,50
,,,0.2524,50
,,,0.2528,50
,,,0.2532,50
,,,0.2536,50
,,,0.254,50
,,,0.2544,50.4
,,,0.2548,50
,,,0.2552,50
,,,0.2556,50
,,,0.256,50
,,,0.2564,50
,,,0.2568,50
,,,0.2572,49.6
,,,0.2576,50.4
,,,0.258,50
,,,0.2584,50
,,,0.2588,50
,,,0.2592,50
,,,0.2596,50
,,,0.26,50
,,,0.2604,50
,,,0.2608,50
,,,0.2612,50
,,,0.2616,50
,,,0.262,50
,,,0.2624,50
,,,0.2628,50
,,,0.2632,49.6
,,,0.2636,49.6
,,,0.264,50.4
,,,0.2644,50.8
,,,0.2648,50
,,,0.2652,50
,,,0.2656,50
,,,0.266,50
,,,0.2664,50
,,,0.2668,50
,,,0.2672,50
,,,0.2676,50
,,,0.268,50
,,,0.2684,50
,,,0.2688,50
,,,0.2692,50.4
,,,0.2696,50
,,,0.27,50
,,,0.2704,50
,,,0.2708,50.4
,,,0.2712,50.4
,,,0.2716,50
,,,0.272,50
,,,0.2724,50
,,,0.2728,50
,,,0.2732,50
,,,0.2736,50
,,,0.274,50
,,,0.2744,50
,,,0.2748,50
,,,0.2752,50
,,,0.2756,49.6
,,,0.276,50
,,,0.2764,50
,,,0.2768,50.4
,,,0.2772,50
,,,0.2776,50
,,,0.278,50
,,,0.2784,50
,,,0.2788,50
,,,0.2792,50
,,,0.2796,50
,,,0.28,50
,,,0.2804,50
,,,0.2808,50.4
,,,0.2812,50
,,,0.2816,50
,,,0.282,50
,,,0.2824,50
,,,0.2828,50
,,,0.2832,50
,,,0.2836,50
,,,0.284,50
,,,0.2844,50
,,,0.2848,50
,,,0.2852,50
,,,0.2856,50
,,,0.286,50.4
,,,0.2864,50
,,,0.2868,50.4
,,,0.2872,50
,,,0.2876,50
,,,0.288,50
,,,0.2884,50
,,,0.2888,50
,,,0.2892,50
,,,0.2896,50
,,,0.29,50.4
,,,0.2904,50
,,,0.2908,50
,,,0.2912,50
,,,0.2916,50
,,,0.292,50
,,,0.2924,50
,,,0.2928,50
,,,0.2932,50
,,,0.2936,50
,,,0.294,50
,,,0.2944,50
,,,0.2948,50
,,,0.2952,50
,,,0.2956,50
,,,0.296,50
,,,0.2964,50
,,,0.2968,50.4
,,,0.2972,50
,,,0.2976,50
,,,0.298,50
,,,0.2984,50
,,,0.2988,50
,,,0.2992,50
,,,0.2996,50.4
,,,0.3,50
,,,0.3004,50
,,,0.3008,50
,,,0.3012,49.6
,,,0.3016,50
,,,0.302,50
,,,0.3024,50.4
,,,0.3028,50.4
,,,0.3032,50
,,,0.3036,50
,,,0.304,50
,,,0.3044,50
,,,0.3048,50
,,,0.3052,50
,,,0.3056,50
,,,0.306,50
,,,0.3064,50
,,,0.3068,50
,,,0.3072,50.4
,,,0.3076,50
,,,0.308,50.4
,,,0.3084,50.4
,,,0.3088,50.4
,,,0.3092,54
,,,0.3096,54
,,,0.31,54
,,,0.3104,54
,,,0.3108,54
,,,0.3112,58.8
,,,0.3116,58.4
,,,0.312,58.4
,,,0.3124,58.4
,,,0.3128,58.4
,,,0.3132,58.4
,,,0.3136,64.4
,,,0.314,64.4
,,,0.3144,64.4
,,,0.3148,64.4
,,,0.3152,64.4
,,,0.3156,64.4
,,,0.316,69.6
,,,0.3164,69.6
,,,0.3168,69.6
,,,0.3172,70
,,,0.3176,69.6
,,,0.318,70
,,,0.3184,73.6
,,,0.3188,74
,,,0.3192,74.4
,,,0.3196,74.4
,,,0.32,74.4
,,,0.3204,74.4
,,,0.3208,78.8
,,,0.3212,78.4
,,,0.3216,78.4
,,,0.322,78.4
,,,0.3224,78.4
,,,0.3228,78.4
,,,0.3232,80.4
,,,0.3236,80
,,,0.324,80.4
,,,0.3244,80.4
,,,0.3248,80.8
,,,0.3252,82
,,,0.3256,82
,,,0.326,82
,,,0.3264,81.6
,,,0.3268,82
,,,0.3272,81.6
,,,0.3276,82.4
,,,0.328,82.8
,,,0.3284,82.8
,,,0.3288,82.8
,,,0.3292,82.8
,,,0.3296,82.8
,,,0.33,83.2
,,,0.3304,83.6
,,,0.3308,83.2
,,,0.3312,83.6
,,,0.3316,83.6
,,,0.332,83.2
,,,0.3324,83.2
,,,0.3328,83.2
,,,0.3332,83.2
,,,0.3336,83.2
,,,0.334,83.2
,,,0.3344,83.2
,,,0.3348,82.4
,,,0.3352,82.8
,,,0.3356,83.2
,,,0.336,82.8
,,,0.3364,83.2
,,,0.3368,82.8
,,,0.3372,83.2
,,,0.3376,83.2
,,,0.338,83.2
,,,0.3384,83.2
,,,0.3388,83.6
,,,0.3392,82
,,,0.3396,82.4
,,,0.34,82.4
,,,0.3404,82.4
,,,0.3408,82
,,,0.3412,82.8
,,,0.3416,83.2
,,,0.342,82.8
,,,0.3424,83.2
,,,0.3428,82.8
,,,0.3432,83.2
,,,0.3436,82.8
,,,0.344,82.4
,,,0.3444,82.4
,,,0.3448,82.4
,,,0.3452,82.4
,,,0.3456,82
,,,0.346,82.4
,,,0.3464,82.4
,,,0.3468,82.8
,,,0.3472,82.4
,,,0.3476,82.8
,,,0.348,82.4
,,,0.3484,82.4
,,,0.3488,82
,,,0.3492,82.4
,,,0.3496,82.4
,,,0.35,82
,,,0.3504,82
,,,0.3508,82
,,,0.3512,82
,,,0.3516,81.6
,,,0.352,82.4
,,,0.3524,82.4
,,,0.3528,82.4
,,,0.3532,82
,,,0.3536,82
,,,0.354,82
,,,0.3544,82
,,,0.3548,81.6
,,,0.3552,82
,,,0.3556,82
,,,0.356,82
,,,0.3564,82
,,,0.3568,81.6
,,,0.3572,82
,,,0.3576,82.4
,,,0.358,82.4
,,,0.3584,82
,,,0.3588,81.6
,,,0.3592,82
,,,0.3596,81.6
,,,0.36,82
,,,0.3604,82.4
,,,0.3608,82.4
,,,0.3612,82.4
,,,0.3616,81.6
,,,0.362,82.4
,,,0.3624,82
,,,0.3628,81.2
,,,0.3632,82.4
,,,0.3636,82
,,,0.364,82
,,,0.3644,82
,,,0.3648,82.4
,,,0.3652,82
,,,0.3656,81.6
,,,0.366,82
,,,0.3664,82
,,,0.3668,82
,,,0.3672,81.6
,,,0.3676,81.6
,,,0.368,81.6
,,,0.3684,81.6
,,,0.3688,82.4
,,,0.3692,82.4
,,,0.3696,82
,,,0.37,82
,,,0.3704,81.6
,,,0.3708,81.6
,,,0.3712,82
,,,0.3716,82
,,,0.372,82
,,,0.3724,82
,,,0.3728,81.6
,,,0.3732,81.6
,,,0.3736,81.6
,,,0.374,81.6
,,,0.3744,82
,,,0.3748,82
,,,0.3752,82
,,,0.3756,82.4
,,,0.376,82
,,,0.3764,82
,,,0.3768,82
,,,0.3772,81.6
,,,0.3776,82
,,,0.378,81.6
,,,0.3784,81.6
,,,0.3788,81.6
,,,0.3792,81.6
,,,0.3796,82
,,,0.38,82
,,,0.3804,82
,,,0.3808,82
,,,0.3812,82
,,,0.3816,81.6
,,,0.382,82
,,,0.3824,82
,,,0.3828,82
,,,0.3832,82
,,,0.3836,82.4
,,,0.384,82
,,,0.3844,82
,,,0.3848,82
,,,0.3852,82.4
,,,0.3856,82.4
,,,0.386,82
,,,0.3864,82
,,,0.3868,82
,,,0.3872,82.4
,,,0.3876,82
,,,0.388,82
,,,0.3884,82.8
,,,0.3888,82.8
,,,0.3892,82.4
,,,0.3896,82.4
,,,0.39,82
,,,0.3904,82.4
,,,0.3908,82.4
,,,0.3912,82
,,,0.3916,82
,,,0.392,82
,,,0.3924,81.6
,,,0.3928,82
,,,0.3932,82.4
,,,0.3936,82.4
,,,0.394,82.4
,,,0.3944,82.4
,,,0.3948,82.4
,,,0.3952,82
,,,0.3956,81.6
,,,0.396,82.4
,,,0.3964,82.4
,,,0.3968,82.8
,,,0.3972,82.4
,,,0.3976,82.4
,,,0.398,82.4
,,,0.3984,82.4
,,,0.3988,82
,,,0.3992,82.4
,,,0.3996,82
,,,0.4,82.4
,,,0.4004,82.4
,,,0.4008,82.4
,,,0.4012,82
,,,0.4016,82.8
,,,0.402,82.4
,,,0.4024,82.4
,,,0.4028,82.4
,,,0.4032,82.4
,,,0.4036,82.4
,,,0.404,82.4
,,,0.4044,82.4
,,,0.4048,82.4
,,,0.4052,82.4
,,,0.4056,82.4
,,,0.406,82
,,,0.4064,82
,,,0.4068,82.4
,,,0.4072,82.8
,,,0.4076,82.8
,,,0.408,82.4
,,,0.4084,82.4
,,,0.4088,82.4
,,,0.4092,82.8
,,,0.4096,82.8
,,,0.41,82.4
,,,0.4104,82.4
,,,0.4108,82.4
,,,0.4112,82.4
,,,0.4116,82
,,,0.412,82
,,,0.4124,82
,,,0.4128,82.4
,,,0.4132,82.4
,,,0.4136,82.8
,,,0.414,82.4
,,,0.4144,82
,,,0.4148,82
,,,0.4152,82
,,,0.4156,82
,,,0.416,82
,,,0.4164,82.4
,,,0.4168,82
,,,0.4172,82
,,,0.4176,82
,,,0.418,82
,,,0.4184,82.4
,,,0.4188,82
,,,0.4192,82
,,,0.4196,81.6
,,,0.42,82
,,,0.4204,82
,,,0.4208,82
,,,0.4212,82.4
,,,0.4216,82
,,,0.422,82
,,,0.4224,82.4
,,,0.4228,82
,,,0.4232,81.6
,,,0.4236,81.6
,,,0.424,82
,,,0.4244,82
,,,0.4248,82
,,,0.4252,82
,,,0.4256,82.4
,,,0.426,82.4
,,,0.4264,82.4
,,,0.4268,82.4
,,,0.4272,82
,,,0.4276,82.4
,,,0.428,81.6
,,,0.4284,81.6
,,,0.4288,81.6
,,,0.4292,82
,,,0.4296,82
,,,0.43,82
,,,0.4304,82.8
,,,0.4308,82.4
,,,0.4312,82.4
,,,0.4316,82.4
,,,0.432,82.4
,,,0.4324,82.4
,,,0.4328,82
,,,0.4332,82.4
,,,0.4336,82
,,,0.434,82
,,,0.4344,81.6
,,,0.4348,82.8
,,,0.4352,82.4
,,,0.4356,82.4
,,,0.436,82
,,,0.4364,82
,,,0.4368,82.4
,,,0.4372,82.4
,,,0.4376,82
,,,0.438,82.4
,,,0.4384,82.4
,,,0.4388,82
,,,0.4392,82
,,,0.4396,82
,,,0.44,82.4
,,,0.4404,82.8
,,,0.4408,82.8
,,,0.4412,82.8
,,,0.4416,82.8
,,,0.442,82.4
,,,0.4424,82.4
,,,0.4428,82.4
,,,0.4432,82.4
,,,0.4436,82
,,,0.444,82.4
,,,0.4444,82.4
,,,0.4448,82.4
,,,0.4452,82.4
,,,0.4456,82.4
,,,0.446,83.2
,,,0.4464,82.4
,,,0.4468,82.4
,,,0.4472,82.4
,,,0.4476,82.8
,,,0.448,82.8
,,,0.4484,82.8
,,,0.4488,82.4
,,,0.4492,82.4
,,,0.4496,82
,,,0.45,82
,,,0.4504,82
,,,0.4508,82
,,,0.4512,82.4
,,,0.4516,82.4
,,,0.452,82.4
,,,0.4524,82.4
,,,0.4528,82
,,,0.4532,82.4
,,,0.4536,82
,,,0.454,82.4
,,,0.4544,82.4
,,,0.4548,82.4
,,,0.4552,82
,,,0.4556,82
,,,0.456,82.4
,,,0.4564,82.4
,,,0.4568,82.8
,,,0.4572,82.4
,,,0.4576,82.4
,,,0.458,82.8
,,,0.4584,82.4
,,,0.4588,82.4
,,,0.4592,82.4
,,,0.4596,82.4
,,,0.46,82.4
,,,0.4604,82
,,,0.4608,81.6
,,,0.4612,81.6
,,,0.4616,81.6
,,,0.462,81.2
,,,0.4624,82
,,,0.4628,82
,,,0.4632,82.4
,,,0.4636,82
,,,0.464,82.4
,,,0.4644,82.4
,,,0.4648,82.4
,,,0.4652,82
,,,0.4656,82
,,,0.466,82
,,,0.4664,81.6
,,,0.4668,81.6
,,,0.4672,81.6
,,,0.4676,82
,,,0.468,82.4
,,,0.4684,82.4
,,,0.4688,82
,,,0.4692,82.4
,,,0.4696,82.4
,,,0.47,82
,,,0.4704,82
,,,0.4708,82
,,,0.4712,82
,,,0.4716,82
,,,0.472,82
,,,0.4724,82.4
,,,0.4728,82
,,,0.4732,82.4
,,,0.4736,82.4
,,,0.474,82.4
,,,0.4744,82.4
,,,0.4748,82
,,,0.4752,82
,,,0.4756,82
,,,0.476,82
,,,0.4764,81.6
,,,0.4768,82
,,,0.4772,82.4
,,,0.4776,82
,,,0.478,82
,,,0.4784,81.6
,,,0.4788,82.4
,,,0.4792,82.4
,,,0.4796,82.4
,,,0.48,82
,,,0.4804,82.4
,,,0.4808,82.4
,,,0.4812,82.4
,,,0.4816,82.4
,,,0.482,82.8
,,,0.4824,82.4
,,,0.4828,82.4
,,,0.4832,82.4
,,,0.4836,82
,,,0.484,82
,,,0.4844,82.4
,,,0.4848,82.4
,,,0.4852,82.4
,,,0.4856,82.4
,,,0.486,82.4
,,,0.4864,82.4
,,,0.4868,82.4
,,,0.4872,82
,,,0.4876,82
,,,0.488,82
,,,0.4884,81.6
,,,0.4888,82.8
,,,0.4892,82
,,,0.4896,82.4
,,,0.49,82.8
,,,0.4904,82.8
,,,0.4908,82.8
,,,0.4912,82.4
,,,0.4916,82
,,,0.492,82.4
,,,0.4924,82
,,,0.4928,82.4
,,,0.4932,82.8
,,,0.4936,82.4
,,,0.494,82.4
,,,0.4944,82.4
,,,0.4948,82.4
,,,0.4952,82
,,,0.4956,82.4
,,,0.496,82.4
,,,0.4964,82
,,,0.4968,82
,,,0.4972,82.4
,,,0.4976,82
,,,0.498,82.4
,,,0.4984,82.8
,,,0.4988,82.4
,,,0.4992,82
,,,0.4996,82
,,,0.5,82
,,,0.5004,82
,,,0.5008,82
,,,0.5012,82.8
,,,0.5016,82.4
,,,0.502,82.4
,,,0.5024,82.4
,,,0.5028,82.8
,,,0.5032,82.8
,,,0.5036,82.4
,,,0.504,82.4
,,,0.5044,83.2
,,,0.5048,82.4
,,,0.5052,82
,,,0.5056,81.6
,,,0.506,82
,,,0.5064,82
,,,0.5068,82.4
,,,0.5072,81.6
,,,0.5076,82
,,,0.508,82
,,,0.5084,82.4
,,,0.5088,82
,,,0.5092,82.4
,,,0.5096,82.4
,,,0.51,82.4
,,,0.5104,82
,,,0.5108,82
,,,0.5112,82
,,,0.5116,81.6
,,,0.512,81.6
,,,0.5124,82
,,,0.5128,82
,,,0.5132,82
,,,0.5136,82
,,,0.514,82
,,,0.5144,82.4
,,,0.5148,82.4
,,,0.5152,82
,,,0.5156,82
,,,0.516,82
,,,0.5164,82
,,,0.5168,81.6
,,,0.5172,81.6
,,,0.5176,82
,,,0.518,82
,,,0.5184,82
,,,0.5188,82
,,,0.5192,82
,,,0.5196,82.4
,,,0.52,82.4
,,,0.5204,82.4
,,,0.5208,82
,,,0.5212,82
,,,0.5216,81.6
,,,0.522,82
,,,0.5224,81.6
,,,0.5228,81.6
,,,0.5232,82
,,,0.5236,82
,,,0.524,82.4
,,,0.5244,82
,,,0.5248,82.4
,,,0.5252,82.4
,,,0.5256,82.4
,,,0.526,82.4
,,,0.5264,82
,,,0.5268,82.4
,,,0.5272,82
,,,0.5276,82
,,,0.528,82
,,,0.5284,81.6
,,,0.5288,82.8
,,,0.5292,82.4
,,,0.5296,82.4
,,,0.53,82.4
,,,0.5304,82.4
,,,0.5308,82.4
,,,0.5312,82
,,,0.5316,82.4
,,,0.532,82.4
,,,0.5324,82
,,,0.5328,82
,,,0.5332,82
,,,0.5336,82.4
,,,0.534,82.4
,,,0.5344,82.8
,,,0.5348,82.8
,,,0.5352,82.4
,,,0.5356,82.4
,,,0.536,82.4
,,,0.5364,82.4
,,,0.5368,82.4
,,,0.5372,82.4
,,,0.5376,82.4
,,,0.538,82.4
,,,0.5384,82.4
,,,0.5388,82.4
,,,0.5392,82.4
,,,0.5396,82.4
,,,0.54,82.8
,,,0.5404,82.8
,,,0.5408,82.4
,,,0.5412,82.8
,,,0.5416,82.8
,,,0.542,82.4
,,,0.5424,82.4
,,,0.5428,82.4
,,,0.5432,82.4
,,,0.5436,82
,,,0.544,82
,,,0.5444,82
,,,0.5448,82
,,,0.5452,82.4
,,,0.5456,82.4
,,,0.546,82.4
,,,0.5464,82.4
,,,0.5468,82.4
,,,0.5472,82.4
,,,0.5476,82.4
,,,0.548,82
,,,0.5484,82
,,,0.5488,82
,,,0.5492,82.4
,,,0.5496,82.4
,,,0.55,82.4
,,,0.5504,82
,,,0.5508,82.8
,,,0.5512,82.4
,,,0.5516,82
,,,0.552,82
,,,0.5524,82
,,,0.5528,82
,,,0.5532,82
,,,0.5536,82
,,,0.554,82.4
,,,0.5544,82
,,,0.5548,82
,,,0.5552,82.4
,,,0.5556,82
,,,0.556,82.4
,,,0.5564,82.4
,,,0.5568,82.4
,,,0.5572,82.4
,,,0.5576,82.4
,,,0.558,82.4
,,,0.5584,82.4
,,,0.5588,82
,,,0.5592,82
,,,0.5596,82
,,,0.56,82
,,,0.5604,81.2
,,,0.5608,81.6
,,,0.5612,82
,,,0.5616,82.4
,,,0.562,82.4
,,,0.5624,82.4
,,,0.5628,82.4
,,,0.5632,82
,,,0.5636,82
,,,0.564,82
,,,0.5644,82
,,,0.5648,82
,,,0.5652,81.6
,,,0.5656,82
,,,0.566,81.6
,,,0.5664,81.6
,,,0.5668,81.6
,,,0.5672,82
,,,0.5676,82
,,,0.568,82.4
,,,0.5684,82
,,,0.5688,82.4
,,,0.5692,82
,,,0.5696,82.4
,,,0.57,82.4
,,,0.5704,82
,,,0.5708,82.4
,,,0.5712,82
,,,0.5716,82
,,,0.572,82
,,,0.5724,81.6
,,,0.5728,82.4
,,,0.5732,82.4
,,,0.5736,82.4
,,,0.574,82.4
,,,0.5744,82.4
,,,0.5748,82.4
,,,0.5752,82.4
,,,0.5756,82
,,,0.576,82.4
,,,0.5764,82.4
,,,0.5768,82
,,,0.5772,82
,,,0.5776,82
,,,0.578,82
,,,0.5784,82.4
,,,0.5788,82.4
,,,0.5792,82
,,,0.5796,82.8
,,,0.58,82.8
,,,0.5804,82.8
,,,0.5808,82.4
,,,0.5812,82.8
,,,0.5816,82.4
,,,0.582,81.6
,,,0.5824,82
,,,0.5828,82
,,,0.5832,81.6
,,,0.5836,82.4
,,,0.584,82.4
,,,0.5844,82.4
,,,0.5848,82.8
,,,0.5852,82.4
,,,0.5856,82.4
,,,0.586,82.4
,,,0.5864,82.4
,,,0.5868,82.4
,,,0.5872,82
,,,0.5876,82
,,,0.588,82.4
,,,0.5884,82
,,,0.5888,82
,,,0.5892,82.8
,,,0.5896,82.8
,,,0.59,82.4
,,,0.5904,82.8
,,,0.5908,82.4
,,,0.5912,82.4
,,,0.5916,82
,,,0.592,82.4
,,,0.5924,82.4
,,,0.5928,82
,,,0.5932,82
,,,0.5936,82
,,,0.594,82
,,,0.5944,81.6
,,,0.5948,82.4
,,,0.5952,82.4
,,,0.5956,82.4
,,,0.596,82.4
,,,0.5964,82.4
,,,0.5968,82.4
,,,0.5972,82
,,,0.5976,82
,,,0.598,82.4
,,,0.5984,82
,,,0.5988,82
,,,0.5992,82
,,,0.5996,82
,,,0.6,82.4
,,,0.6004,82.4
,,,0.6008,82.4
,,,0.6012,82.4
,,,0.6016,82.4
,,,0.602,82
,,,0.6024,82.4
,,,0.6028,82.4
,,,0.6032,82
,,,0.6036,82
,,,0.604,82
,,,0.6044,81.6
,,,0.6048,82
,,,0.6052,82
,,,0.6056,82.4
,,,0.606,82.4
,,,0.6064,82
,,,0.6068,82.4
,,,0.6072,82.4
,,,0.6076,82.4
,,,0.608,82
,,,0.6084,81.6
,,,0.6088,82
,,,0.6092,82
,,,0.6096,81.6
,,,0.61,81.6
,,,0.6104,81.2
,,,0.6108,81.6
,,,0.6112,82
,,,0.6116,82
,,,0.612,82
,,,0.6124,82.4
,,,0.6128,82.4
,,,0.6132,82
,,,0.6136,82.4
,,,0.614,82
,,,0.6144,82.4
,,,0.6148,81.6
,,,0.6152,81.6
,,,0.6156,81.6
,,,0.616,81.6
,,,0.6164,82
,,,0.6168,82.4
,,,0.6172,82.4
,,,0.6176,82.4
,,,0.618,82.4
,,,0.6184,82.4
,,,0.6188,82.4
,,,0.6192,82
,,,0.6196,82.4
,,,0.62,82
,,,0.6204,82.4
,,,0.6208,82
,,,0.6212,81.6
,,,0.6216,82
,,,0.622,82.4
,,,0.6224,82.8
,,,0.6228,82.4
,,,0.6232,82.4
,,,0.6236,82.4
,,,0.624,82.8
,,,0.6244,82.8
,,,0.6248,82.8
,,,0.6252,82.4
,,,0.6256,82.4
,,,0.626,82.4
,,,0.6264,82
,,,0.6268,81.6
,,,0.6272,82
,,,0.6276,82
,,,0.628,82.4
,,,0.6284,82.4
,,,0.6288,82.8
,,,0.6292,82.8
,,,0.6296,82.4
,,,0.63,82.8
,,,0.6304,82.4
,,,0.6308,82.4
,,,0.6312,82.4
,,,0.6316,82
,,,0.632,82
,,,0.6324,82
,,,0.6328,82
,,,0.6332,82.8
,,,0.6336,82.8
,,,0.634,82.4
,,,0.6344,82.4
,,,0.6348,82.4
,,,0.6352,82.8
,,,0.6356,82.4
,,,0.636,82.4
,,,0.6364,82.4
,,,0.6368,82
,,,0.6372,82.4
,,,0.6376,82
,,,0.638,82.4
,,,0.6384,82.4
,,,0.6388,82.8
,,,0.6392,82.4
,,,0.6396,82.8
,,,0.64,82.4
,,,0.6404,82.4
,,,0.6408,82.4
,,,0.6412,82.4
,,,0.6416,82.4
,,,0.642,82.4
,,,0.6424,82.4
,,,0.6428,82
,,,0.6432,82
,,,0.6436,82
,,,0.644,82
,,,0.6444,82.4
,,,0.6448,82.4
,,,0.6452,82.4
,,,0.6456,82.4
,,,0.646,82.4
,,,0.6464,82.4
,,,0.6468,82
,,,0.6472,82
,,,0.6476,82.4
,,,0.648,81.6
,,,0.6484,81.6
,,,0.6488,81.6
,,,0.6492,82
,,,0.6496,82.8
,,,0.65,82.4
,,,0.6504,82.4
,,,0.6508,82.4
,,,0.6512,82.8
,,,0.6516,82.4
,,,0.652,82.4
,,,0.6524,82
,,,0.6528,82
,,,0.6532,81.6
,,,0.6536,82
,,,0.654,81.6
,,,0.6544,82
,,,0.6548,82
,,,0.6552,82
,,,0.6556,82.4
,,,0.656,82
,,,0.6564,82.4
,,,0.6568,82
,,,0.6572,82
,,,0.6576,82
,,,0.658,82.4
,,,0.6584,82
,,,0.6588,81.6
,,,0.6592,82
,,,0.6596,81.6
,,,0.66,82
,,,0.6604,82
,,,0.6608,82.4
,,,0.6612,82.4
,,,0.6616,82
,,,0.662,82.4
,,,0.6624,82
,,,0.6628,82
,,,0.6632,82.4
,,,0.6636,82.4
,,,0.664,82
,,,0.6644,82
,,,0.6648,82
,,,0.6652,82
,,,0.6656,81.6
,,,0.666,82
,,,0.6664,82.4
,,,0.6668,82.4
,,,0.6672,82.4
,,,0.6676,82.4
,,,0.668,82.4
,,,0.6684,82.4
,,,0.6688,82
,,,0.6692,82.4
,,,0.6696,82.4
,,,0.67,82
,,,0.6704,82
,,,0.6708,82
,,,0.6712,82
,,,0.6716,82.4
,,,0.672,82.4
,,,0.6724,82.4
,,,0.6728,82.4
,,,0.6732,82.4
,,,0.6736,82.8
,,,0.674,82.8
,,,0.6744,82.4
,,,0.6748,82.4
,,,0.6752,82
,,,0.6756,82.4
,,,0.676,82.4
,,,0.6764,82
,,,0.6768,82
,,,0.6772,82.4
,,,0.6776,82.8
,,,0.678,82.8
,,,0.6784,82.4
,,,0.6788,82.4
,,,0.6792,82.4
,,,0.6796,82.4
,,,0.68,82.4
,,,0.6804,82.4
,,,0.6808,82.4
,,,0.6812,82
,,,0.6816,82
,,,0.682,82.4
,,,0.6824,82
,,,0.6828,83.2
,,,0.6832,82.4
,,,0.6836,82.8
,,,0.684,82.8
,,,0.6844,82.4
,,,0.6848,82.4
,,,0.6852,82.4
,,,0.6856,82.4
,,,0.686,82.4
,,,0.6864,82.4
,,,0.6868,82
,,,0.6872,82
,,,0.6876,82.4
,,,0.688,82.4
,,,0.6884,82.8
,,,0.6888,82.8
,,,0.6892,82.4
,,,0.6896,82.4
,,,0.69,82.4
,,,0.6904,82.4
,,,0.6908,82.4
,,,0.6912,82.4
,,,0.6916,82
,,,0.692,82.4
,,,0.6924,82
,,,0.6928,82
,,,0.6932,82
,,,0.6936,82.4
,,,0.694,81.6
,,,0.6944,82.4
,,,0.6948,82
,,,0.6952,82
,,,0.6956,82
,,,0.696,82
,,,0.6964,82.4
,,,0.6968,82
,,,0.6972,82
,,,0.6976,82
,,,0.698,82
,,,0.6984,82
,,,0.6988,81.6
,,,0.6992,82.4
,,,0.6996,82.4
,,,0.7,82.4
,,,0.7004,82
,,,0.7008,82
,,,0.7012,82.4
,,,0.7016,82.4
,,,0.702,82.4
,,,0.7024,82.4
,,,0.7028,82.4
,,,0.7032,82
,,,0.7036,81.6
,,,0.704,82
,,,0.7044,81.6
,,,0.7048,82
,,,0.7052,82
,,,0.7056,82
,,,0.706,82
,,,0.7064,82
,,,0.7068,82
,,,0.7072,82
,,,0.7076,82
,,,0.708,82
,,,0.7084,82.4
,,,0.7088,82
,,,0.7092,82
,,,0.7096,82
,,,0.71,82
,,,0.7104,82.8
,,,0.7108,82.4
,,,0.7112,82.4
,,,0.7116,82
,,,0.712,82.4
,,,0.7124,82.4
,,,0.7128,82.4
,,,0.7132,82.4
,,,0.7136,82
,,,0.714,82
,,,0.7144,82.4
,,,0.7148,81.6
,,,0.7152,81.6
,,,0.7156,82.4
,,,0.716,82.4
,,,0.7164,82.4
,,,0.7168,82.4
,,,0.7172,82.4
,,,0.7176,82.4
,,,0.718,82.4
,,,0.7184,82
,,,0.7188,82
,,,0.7192,82.4
,,,0.7196,82.4
,,,0.72,82.4
,,,0.7204,82
,,,0.7208,82.4
,,,0.7212,82.8
,,,0.7216,82.4
,,,0.722,82.4
,,,0.7224,82.4
,,,0.7228,82.4
,,,0.7232,82.4
,,,0.7236,82.4
,,,0.724,82.4
,,,0.7244,82.4
,,,0.7248,82.4
,,,0.7252,82.4
,,,0.7256,82.4
,,,0.726,82
,,,0.7264,82.8
,,,0.7268,82.8
,,,0.7272,82.4
,,,0.7276,82.4
,,,0.728,82.4
,,,0.7284,82.4
,,,0.7288,82.4
,,,0.7292,82.8
,,,0.7296,82.4
,,,0.73,82.8
,,,0.7304,82.4
,,,0.7308,82.4
,,,0.7312,82
,,,0.7316,82
,,,0.732,82
,,,0.7324,82.8
,,,0.7328,82
,,,0.7332,82.4
,,,0.7336,82.8
,,,0.734,82.8
,,,0.7344,82.8
,,,0.7348,82.4
,,,0.7352,82.4
,,,0.7356,82.8
,,,0.736,82.4
,,,0.7364,82.4
,,,0.7368,82
,,,0.7372,82
,,,0.7376,82.4
,,,0.738,82.4
,,,0.7384,82.4
,,,0.7388,82.4
,,,0.7392,82.4
,,,0.7396,82.4
,,,0.74,82.4
,,,0.7404,82.4
,,,0.7408,82
,,,0.7412,82
,,,0.7416,81.6
,,,0.742,81.6
,,,0.7424,81.6
,,,0.7428,82
,,,0.7432,82.4
,,,0.7436,82.4
,,,0.744,82.4
,,,0.7444,82
,,,0.7448,82.4
,,,0.7452,82
,,,0.7456,82
,,,0.746,82
,,,0.7464,82
,,,0.7468,82
,,,0.7472,82
,,,0.7476,82
,,,0.748,81.6
,,,0.7484,82
,,,0.7488,82.4
,,,0.7492,82.8
,,,0.7496,82.4
,,,0.75,82
,,,0.7504,82
,,,0.7508,82
,,,0.7512,82
,,,0.7516,82
,,,0.752,82
,,,0.7524,82
,,,0.7528,81.6
,,,0.7532,81.6
,,,0.7536,81.6
,,,0.754,81.6
,,,0.7544,82
,,,0.7548,82.4
,,,0.7552,82
,,,0.7556,82.4
,,,0.756,82.4
,,,0.7564,82.4
,,,0.7568,82.4
,,,0.7572,82.4
,,,0.7576,82.4
,,,0.758,82
,,,0.7584,81.6
,,,0.7588,82
,,,0.7592,81.6
,,,0.7596,82
,,,0.76,82.8
,,,0.7604,82.4
,,,0.7608,82.4
,,,0.7612,82.4
,,,0.7616,82
,,,0.762,82.4
,,,0.7624,82.4
,,,0.7628,82.4
,,,0.7632,82
,,,0.7636,82
,,,0.764,82
,,,0.7644,81.6
,,,0.7648,81.6
,,,0.7652,82
,,,0.7656,82.4
,,,0.766,82.4
,,,0.7664,82.8
,,,0.7668,82.4
,,,0.7672,82.4
,,,0.7676,82.4
,,,0.768,82.8
,,,0.7684,82.4
,,,0.7688,82
,,,0.7692,81.6
,,,0.7696,82
,,,0.77,82
,,,0.7704,82
,,,0.7708,82.8
,,,0.7712,82.4
,,,0.7716,82.8
,,,0.772,82.8
,,,0.7724,82.8
,,,0.7728,82.4
,,,0.7732,81.6
,,,0.7736,82
,,,0.774,82.4
,,,0.7744,82.4
,,,0.7748,82
,,,0.7752,82.4
,,,0.7756,82
,,,0.776,82.4
,,,0.7764,82.8
,,,0.7768,82.4
,,,0.7772,82.8
,,,0.7776,82.8
,,,0.778,82.4
,,,0.7784,82.4
,,,0.7788,82
,,,0.7792,82
,,,0.7796,82.4
,,,0.78,82
,,,0.7804,82.4
,,,0.7808,82.4
,,,0.7812,82
,,,0.7816,82
,,,0.782,82.4
,,,0.7824,82.4
,,,0.7828,82.4
,,,0.7832,82.4
,,,0.7836,82.4
,,,0.784,82.4
,,,0.7844,82.4
,,,0.7848,82
,,,0.7852,82.4
,,,0.7856,82
,,,0.786,82.4
,,,0.7864,81.6
,,,0.7868,81.6
,,,0.7872,81.6
,,,0.7876,82.4
,,,0.788,82.4
,,,0.7884,82
,,,0.7888,82
,,,0.7892,82
,,,0.7896,82.4
,,,0.79,82
,,,0.7904,82.4
,,,0.7908,82
,,,0.7912,82.4
,,,0.7916,82
,,,0.792,81.6
,,,0.7924,81.6
,,,0.7928,82
,,,0.7932,82.4
,,,0.7936,82
,,,0.794,82
,,,0.7944,82.4
,,,0.7948,82.4
,,,0.7952,82.8
,,,0.7956,82.4
,,,0.796,82.4
,,,0.7964,82
,,,0.7968,82
,,,0.7972,81.6
,,,0.7976,81.6
,,,0.798,81.6
,,,0.7984,82
,,,0.7988,81.6
,,,0.7992,82
,,,0.7996,82
,,,0.8,82
,,,0.8004,82
,,,0.8008,82
,,,0.8012,82.4
,,,0.8016,82
,,,0.802,82.4
,,,0.8024,82
,,,0.8028,82
,,,0.8032,81.6
,,,0.8036,82
,,,0.804,82.4
,,,0.8044,82.4
,,,0.8048,82.4
,,,0.8052,82.4
,,,0.8056,82
,,,0.806,82.4
,,,0.8064,82
,,,0.8068,82.4
,,,0.8072,82.4
,,,0.8076,82
,,,0.808,82
,,,0.8084,82
,,,0.8088,81.6
,,,0.8092,82.4
,,,0.8096,82.4
,,,0.81,82
,,,0.8104,78.4
,,,0.8108,78.4
,,,0.8112,78.4
,,,0.8116,78.4
,,,0.812,31.6
,,,0.8124,31.6
,,,0.8128,31.6
,,,0.8132,31.6
,,,0.8136,31.6
,,,0.814,31.6
,,,0.8144,31.6
,,,0.8148,31.6
,,,0.8152,31.6
,,,0.8156,31.6
,,,0.816,31.6
,,,0.8164,31.6
,,,0.8168,31.6
,,,0.8172,31.6
,,,0.8176,31.6
,,,0.818,31.6
,,,0.8184,31.6
,,,0.8188,31.6
,,,0.8192,31.6
,,,0.8196,31.6
,,,0.82,31.6
,,,0.8204,31.6
,,,0.8208,31.6
,,,0.8212,31.6
,,,0.8216,31.6
,,,0.822,31.6
,,,0.8224,31.6
,,,0.8228,31.6
,,,0.8232,31.6
,,,0.8236,31.6
,,,0.824,31.6
,,,0.8244,31.6
,,,0.8248,31.6
,,,0.8252,31.6
,,,0.8256,31.6
,,,0.826,31.6
,,,0.8264,31.6
,,,0.8268,31.6
,,,0.8272,31.6
,,,0.8276,31.6
,,,0.828,31.6
,,,0.8284,31.6
,,,0.8288,31.6
,,,0.8292,31.6
,,,0.8296,31.6
,,,0.83,31.6
,,,0.8304,31.6
,,,0.8308,31.6
,,,0.8312,31.6
,,,0.8316,31.6
,,,0.832,31.6
,,,0.8324,31.6
,,,0.8328,31.6
,,,0.8332,31.6
,,,0.8336,31.6
,,,0.834,31.6
,,,0.8344,31.6
,,,0.8348,31.6
,,,0.8352,31.6
,,,0.8356,31.6
,,,0.836,31.6
,,,0.8364,31.6
,,,0.8368,31.6
,,,0.8372,31.6
,,,0.8376,31.6
,,,0.838,31.6
,,,0.8384,31.6
,,,0.8388,31.6
,,,0.8392,31.6
,,,0.8396,31.6
,,,0.84,31.6
,,,0.8404,31.6
,,,0.8408,31.6
,,,0.8412,31.6
,,,0.8416,31.6
,,,0.842,31.6
,,,0.8424,31.6
,,,0.8428,31.6
,,,0.8432,31.6
,,,0.8436,31.6
,,,0.844,31.6
,,,0.8444,31.6
,,,0.8448,31.6
,,,0.8452,31.6
,,,0.8456,31.6
,,,0.846,31.6
,,,0.8464,31.6
,,,0.8468,31.6
,,,0.8472,31.6
,,,0.8476,31.6
,,,0.848,31.6
,,,0.8484,31.6
,,,0.8488,31.6
,,,0.8492,31.6
,,,0.8496,31.6
,,,0.85,31.6
,,,0.8504,31.6
,,,0.8508,31.6
,,,0.8512,31.6
,,,0.8516,31.6
,,,0.852,31.6
,,,0.8524,31.6
,,,0.8528,31.6
,,,0.8532,31.6
,,,0.8536,31.6
,,,0.854,31.6
,,,0.8544,31.6
,,,0.8548,31.6
,,,0.8552,31.6
,,,0.8556,31.6
,,,0.856,31.6
,,,0.8564,31.6
,,,0.8568,31.6
,,,0.8572,31.6
,,,0.8576,31.6
,,,0.858,31.6
,,,0.8584,31.6
,,,0.8588,31.6
,,,0.8592,31.6
,,,0.8596,31.6
,,,0.86,31.6
,,,0.8604,31.6
,,,0.8608,31.6
,,,0.8612,31.6
,,,0.8616,31.6
,,,0.862,31.6
,,,0.8624,31.6
,,,0.8628,31.6
,,,0.8632,31.6
,,,0.8636,31.6
,,,0.864,31.6
,,,0.8644,31.6
,,,0.8648,31.6
,,,0.8652,31.6
,,,0.8656,31.6
,,,0.866,31.6
,,,0.8664,31.6
,,,0.8668,31.6
,,,0.8672,31.6
,,,0.8676,31.6
,,,0.868,31.6
,,,0.8684,31.6
,,,0.8688,31.6
,,,0.8692,31.6
,,,0.8696,31.6
,,,0.87,31.6
,,,0.8704,31.6
,,,0.8708,31.6
,,,0.8712,31.6
,,,0.8716,31.6
,,,0.872,31.6
,,,0.8724,31.6
,,,0.8728,31.6
,,,0.8732,31.6
,,,0.8736,31.6
,,,0.874,31.6
,,,0.8744,31.6
,,,0.8748,31.6
,,,0.8752,31.6
,,,0.8756,31.6
,,,0.876,31.6
,,,0.8764,31.6
,,,0.8768,31.6
,,,0.8772,31.6
,,,0.8776,31.6
,,,0.878,31.6
,,,0.8784,31.6
,,,0.8788,31.6
,,,0.8792,31.6
,,,0.8796,31.6
,,,0.88,31.6
,,,0.8804,31.6
,,,0.8808,31.6
,,,0.8812,31.6
,,,0.8816,31.6
,,,0.882,31.6
,,,0.8824,31.6
,,,0.8828,31.6
,,,0.8832,31.6
,,,0.8836,31.6
,,,0.884,31.6
,,,0.8844,31.6
,,,0.8848,31.6
,,,0.8852,31.6
,,,0.8856,31.6
,,,0.886,31.6
,,,0.8864,31.6
,,,0.8868,31.6
,,,0.8872,31.6
,,,0.8876,31.6
,,,0.888,31.6
,,,0.8884,31.6
,,,0.8888,31.6
,,,0.8892,31.6
,,,0.8896,31.6
,,,0.89,31.6
,,,0.8904,31.6
,,,0.8908,31.6
,,,0.8912,31.6
,,,0.8916,31.6
,,,0.892,31.6
,,,0.8924,31.6
,,,0.8928,31.6
,,,0.8932,31.6
,,,0.8936,31.6
,,,0.894,31.6
,,,0.8944,31.6
,,,0.8948,31.6
,,,0.8952,31.6
,,,0.8956,31.6
,,,0.896,31.6
,,,0.8964,31.6
,,,0.8968,31.6
,,,0.8972,31.6
,,,0.8976,31.6
,,,0.898,31.6
,,,0.8984,31.6
,,,0.8988,31.6
,,,0.8992,31.6
,,,0.8996,31.6
,,,0.9,31.6
,,,0.9004,31.6
,,,0.9008,31.6
,,,0.9012,31.6
,,,0.9016,31.6
,,,0.902,31.6
,,,0.9024,31.6
,,,0.9028,31.6
,,,0.9032,31.6
,,,0.9036,31.6
,,,0.904,31.6
,,,0.9044,31.6
,,,0.9048,31.6
,,,0.9052,31.6
,,,0.9056,31.6
,,,0.906,31.6
,,,0.9064,31.6
,,,0.9068,31.6
,,,0.9072,31.6
,,,0.9076,31.6
,,,0.908,31.6
,,,0.9084,31.6
,,,0.9088,31.6
,,,0.9092,31.6
,,,0.9096,31.6
,,,0.91,31.6
,,,0.9104,31.6
,,,0.9108,31.6
,,,0.9112,31.6
,,,0.9116,31.6
,,,0.912,50
,,,0.9124,50.4
,,,0.9128,50
,,,0.9132,50
,,,0.9136,50
,,,0.914,50
,,,0.9144,50
,,,0.9148,50
,,,0.9152,50
,,,0.9156,50
,,,0.916,50
,,,0.9164,50
,,,0.9168,50
,,,0.9172,50
,,,0.9176,50
,,,0.918,50
,,,0.9184,50
,,,0.9188,50
,,,0.9192,50
,,,0.9196,50
,,,0.92,50
,,,0.9204,50
,,,0.9208,50
,,,0.9212,50
,,,0.9216,50
,,,0.922,50
,,,0.9224,50
,,,0.9228,50
,,,0.9232,50.4
,,,0.9236,50
,,,0.924,50
,,,0.9244,50
,,,0.9248,50
,,,0.9252,50
,,,0.9256,50
,,,0.926,50
,,,0.9264,50
,,,0.9268,49.6
,,,0.9272,50
,,,0.9276,50
,,,0.928,50
,,,0.9284,50.4
,,,0.9288,50
,,,0.9292,50
,,,0.9296,50
,,,0.93,50
,,,0.9304,50
,,,0.9308,50
,,,0.9312,50.4
,,,0.9316,50
,,,0.932,50
,,,0.9324,50
,,,0.9328,50
,,,0.9332,50
,,,0.9336,49.6
,,,0.934,50.4
,,,0.9344,50
,,,0.9348,50
,,,0.9352,50
,,,0.9356,50
,,,0.936,50
,,,0.9364,50
,,,0.9368,50
,,,0.9372,50.4
,,,0.9376,50
,,,0.938,50
,,,0.9384,49.6
,,,0.9388,49.6
,,,0.9392,49.6
,,,0.9396,49.6
,,,0.94,50
,,,0.9404,50
,,,0.9408,50
,,,0.9412,50
,,,0.9416,50
,,,0.942,50
,,,0.9424,50
,,,0.9428,50
,,,0.9432,50
,,,0.9436,50
,,,0.944,50
,,,0.9444,50
,,,0.9448,50
,,,0.9452,49.6
,,,0.9456,50
,,,0.946,50
,,,0.9464,50
,,,0.9468,50.4
,,,0.9472,50
,,,0.9476,50.4
,,,0.948,50
,,,0.9484,50
,,,0.9488,50
,,,0.9492,50
,,,0.9496,50.4
,,,0.95,50
,,,0.9504,50
,,,0.9508,50
,,,0.9512,50
,,,0.9516,50
,,,0.952,50
,,,0.9524,50
,,,0.9528,49.6
,,,0.9532,50.4
,,,0.9536,50
,,,0.954,50
,,,0.9544,50
,,,0.9548,50
,,,0.9552,50
,,,0.9556,50
,,,0.956,50
,,,0.9564,50
,,,0.9568,50
,,,0.9572,50
,,,0.9576,50
,,,0.958,50
,,,0.9584,50
,,,0.9588,50
,,,0.9592,50
,,,0.9596,50.4
,,,0.96,50
,,,0.9604,50
,,,0.9608,50
,,,0.9612,50
,,,0.9616,50.4
,,,0.962,50
,,,0.9624,50
,,,0.9628,50
,,,0.9632,50
,,,0.9636,50
,,,0.964,50
,,,0.9644,50
,,,0.9648,50
,,,0.9652,49.6
,,,0.9656,50
,,,0.966,50.4
,,,0.9664,50.4
,,,0.9668,50.4
,,,0.9672,50
,,,0.9676,50
,,,0.968,50
,,,0.9684,50
,,,0.9688,50
,,,0.9692,50
,,,0.9696,50
,,,0.97,50
,,,0.9704,50
,,,0.9708,50
,,,0.9712,49.6
,,,0.9716,49.6
,,,0.972,50.4
,,,0.9724,50
,,,0.9728,50
,,,0.9732,50
,,,0.9736,50
,,,0.974,50.4
,,,0.9744,50.4
,,,0.9748,50
,,,0.9752,50
,,,0.9756,50
,,,0.976,50
,,,0.9764,49.6
,,,0.9768,50
,,,0.9772,50
,,,0.9776,49.6
,,,0.978,50
,,,0.9784,50
,,,0.9788,50
,,,0.9792,50
,,,0.9796,50
,,,0.98,50
,,,0.9804,50
,,,0.9808,50
,,,0.9812,50
,,,0.9816,50
,,,0.982,50
,,,0.9824,50
,,,0.9828,50
,,,0.9832,50
,,,0.9836,50
,,,0.984,50
,,,0.9844,50
,,,0.9848,50
,,,0.9852,50
,,,0.9856,50
,,,0.986,50
,,,0.9864,50.4
,,,0.9868,50
,,,0.9872,50.4
,,,0.9876,50
,,,0.988,50
,,,0.9884,50
,,,0.9888,50
,,,0.9892,50
,,,0.9896,50
,,,0.99,50
,,,0.9904,50
,,,0.9908,50
,,,0.9912,50
,,,0.9916,50.4
,,,0.992,50
,,,0.9924,50
,,,0.9928,50
,,,0.9932,50
,,,0.9936,50
,,,0.994,50
,,,0.9944,50
,,,0.9948,50
,,,0.9952,50
,,,0.9956,50
,,,0.996,50
,,,0.9964,50
,,,0.9968,49.6
,,,0.9972,49.6
,,,0.9976,50
,,,0.998,50.4
,,,0.9984,50
,,,0.9988,50
,,,0.9992,50
,,,0.9996,50
