Record Length,2.50E+03,,0,81.6
Sample Interval,4.00E-04,,0.0004,82
Trigger Point,0.00E+00,,0.0008,84.8
,,,0.0012,82.4
,,,0.0016,82.4
,,,0.002,82
Source,CH1,,0.0024,82
Vertical Units,V,,0.0028,82
Vertical Scale,1.00E+01,,0.0032,81.6
Vertical Offset,-8.04E+01,,0.0036,82
Horizontal Units,s,,0.004,84.8
Horizontal Scale,1.00E-01,,0.0044,82.4
Pt Fmt,Y,,0.0048,82.4
Yzero,0.00E+00,,0.0052,82
Probe Atten,1.00E+01,,0.0056,82
Model Number,TDS2022B,,0.006,82
Serial Number,C051976,,0.0064,82
Firmware Version,FV:v22.01,,0.0068,82.4
,,,0.0072,84.8
,,,0.0076,82.8
,,,0.008,82.4
,,,0.0084,82
,,,0.0088,82
,,,0.0092,81.6
,,,0.0096,81.6
,,,0.01,82
,,,0.0104,85.6
,,,0.0108,82.8
,,,0.0112,82.4
,,,0.0116,82
,,,0.012,82
,,,0.0124,81.2
,,,0.0128,81.6
,,,0.0132,82
,,,0.0136,85.6
,,,0.014,83.2
,,,0.0144,82
,,,0.0148,81.6
,,,0.0152,82
,,,0.0156,81.6
,,,0.016,81.2
,,,0.0164,82
,,,0.0168,86
,,,0.0172,82.8
,,,0.0176,82.4
,,,0.018,82
,,,0.0184,81.6
,,,0.0188,81.2
,,,0.0192,80.8
,,,0.0196,81.2
,,,0.02,85.6
,,,0.0204,82.8
,,,0.0208,82.4
,,,0.0212,82
,,,0.0216,82
,,,0.022,82
,,,0.0224,81.2
,,,0.0228,81.6
,,,0.0232,83.2
,,,0.0236,83.2
,,,0.024,82.4
,,,0.0244,82
,,,0.0248,82
,,,0.0252,82
,,,0.0256,81.6
,,,0.026,81.6
,,,0.0264,84
,,,0.0268,83.2
,,,0.0272,82.4
,,,0.0276,82.4
,,,0.028,82
,,,0.0284,81.6
,,,0.0288,80.8
,,,0.0292,81.6
,,,0.0296,83.2
,,,0.03,83.2
,,,0.0304,82.8
,,,0.0308,82
,,,0.0312,82
,,,0.0316,82
,,,0.032,81.2
,,,0.0324,81.6
,,,0.0328,82
,,,0.0332,83.2
,,,0.0336,82.4
,,,0.034,82.8
,,,0.0344,82
,,,0.0348,82
,,,0.0352,82
,,,0.0356,81.6
,,,0.036,82
,,,0.0364,83.2
,,,0.0368,82
,,,0.0372,82
,,,0.0376,82
,,,0.038,82
,,,0.0384,81.2
,,,0.0388,81.2
,,,0.0392,82.4
,,,0.0396,82.8
,,,0.04,82.8
,,,0.0404,82.8
,,,0.0408,82.4
,,,0.0412,82.4
,,,0.0416,82
,,,0.042,81.6
,,,0.0424,82
,,,0.0428,83.2
,,,0.0432,82.8
,,,0.0436,82.4
,,,0.044,82
,,,0.0444,82
,,,0.0448,81.2
,,,0.0452,81.6
,,,0.0456,82
,,,0.046,84.4
,,,0.0464,82.8
,,,0.0468,82.4
,,,0.0472,82.4
,,,0.0476,82.4
,,,0.048,82
,,,0.0484,81.2
,,,0.0488,81.6
,,,0.0492,85.2
,,,0.0496,82.8
,,,0.05,82.4
,,,0.0504,82
,,,0.0508,82
,,,0.0512,81.6
,,,0.0516,81.2
,,,0.052,81.6
,,,0.0524,84.8
,,,0.0528,82.4
,,,0.0532,82.4
,,,0.0536,82
,,,0.054,82
,,,0.0544,82
,,,0.0548,81.6
,,,0.0552,81.6
,,,0.0556,84.8
,,,0.056,82.8
,,,0.0564,82.8
,,,0.0568,82
,,,0.0572,82
,,,0.0576,81.6
,,,0.058,81.2
,,,0.0584,81.2
,,,0.0588,85.2
,,,0.0592,82.4
,,,0.0596,82
,,,0.06,82
,,,0.0604,82
,,,0.0608,81.6
,,,0.0612,81.2
,,,0.0616,81.6
,,,0.062,85.2
,,,0.0624,82.8
,,,0.0628,82.4
,,,0.0632,82
,,,0.0636,82
,,,0.064,81.6
,,,0.0644,81.6
,,,0.0648,82
,,,0.0652,86
,,,0.0656,82.8
,,,0.066,82.4
,,,0.0664,82
,,,0.0668,82
,,,0.0672,81.6
,,,0.0676,81.6
,,,0.068,81.2
,,,0.0684,85.2
,,,0.0688,82.4
,,,0.0692,82
,,,0.0696,81.6
,,,0.07,82
,,,0.0704,82
,,,0.0708,81.6
,,,0.0712,81.6
,,,0.0716,85.6
,,,0.072,82.8
,,,0.0724,82.4
,,,0.0728,82
,,,0.0732,82
,,,0.0736,82
,,,0.074,81.2
,,,0.0744,81.6
,,,0.0748,84
,,,0.0752,83.2
,,,0.0756,82.4
,,,0.076,82
,,,0.0764,82
,,,0.0768,82
,,,0.0772,81.6
,,,0.0776,81.6
,,,0.078,82.4
,,,0.0784,83.2
,,,0.0788,82.4
,,,0.0792,82
,,,0.0796,82
,,,0.08,82.4
,,,0.0804,82
,,,0.0808,82
,,,0.0812,82.8
,,,0.0816,83.6
,,,0.082,82.4
,,,0.0824,82
,,,0.0828,82
,,,0.0832,82
,,,0.0836,81.6
,,,0.084,81.6
,,,0.0844,81.6
,,,0.0848,84
,,,0.0852,82.4
,,,0.0856,82.4
,,,0.086,82.4
,,,0.0864,82
,,,0.0868,82
,,,0.0872,81.6
,,,0.0876,81.6
,,,0.088,84
,,,0.0884,83.2
,,,0.0888,82.8
,,,0.0892,82.4
,,,0.0896,82
,,,0.09,81.2
,,,0.0904,81.6
,,,0.0908,82
,,,0.0912,83.6
,,,0.0916,82.8
,,,0.092,82
,,,0.0924,82
,,,0.0928,82.4
,,,0.0932,81.6
,,,0.0936,81.2
,,,0.094,82
,,,0.0944,84.4
,,,0.0948,82.8
,,,0.0952,82.4
,,,0.0956,82
,,,0.096,82.4
,,,0.0964,81.6
,,,0.0968,81.2
,,,0.0972,81.6
,,,0.0976,84.4
,,,0.098,82.4
,,,0.0984,82.4
,,,0.0988,82
,,,0.0992,82
,,,0.0996,81.6
,,,0.1,81.2
,,,0.1004,81.2
,,,0.1008,84.4
,,,0.1012,82
,,,0.1016,82
,,,0.102,82
,,,0.1024,82
,,,0.1028,82
,,,0.1032,81.6
,,,0.1036,81.6
,,,0.104,84.4
,,,0.1044,82.8
,,,0.1048,82.4
,,,0.1052,82
,,,0.1056,82
,,,0.106,81.6
,,,0.1064,81.2
,,,0.1068,81.2
,,,0.1072,84.8
,,,0.1076,82.4
,,,0.108,82
,,,0.1084,82
,,,0.1088,81.6
,,,0.1092,81.2
,,,0.1096,80.8
,,,0.11,82
,,,0.1104,85.6
,,,0.1108,82.8
,,,0.1112,82
,,,0.1116,81.6
,,,0.112,82.4
,,,0.1124,82
,,,0.1128,80.8
,,,0.1132,82
,,,0.1136,85.2
,,,0.114,82.4
,,,0.1144,82.8
,,,0.1148,82
,,,0.1152,82
,,,0.1156,81.6
,,,0.116,81.6
,,,0.1164,81.6
,,,0.1168,85.6
,,,0.1172,83.2
,,,0.1176,82
,,,0.118,82.4
,,,0.1184,82
,,,0.1188,82
,,,0.1192,81.6
,,,0.1196,81.6
,,,0.12,84.8
,,,0.1204,83.2
,,,0.1208,82.4
,,,0.1212,82
,,,0.1216,81.6
,,,0.122,82.4
,,,0.1224,81.6
,,,0.1228,81.6
,,,0.1232,84
,,,0.1236,83.2
,,,0.124,82.4
,,,0.1244,82
,,,0.1248,82
,,,0.1252,82
,,,0.1256,81.6
,,,0.126,82
,,,0.1264,82.4
,,,0.1268,83.2
,,,0.1272,82.8
,,,0.1276,82
,,,0.128,82
,,,0.1284,82
,,,0.1288,81.6
,,,0.1292,82
,,,0.1296,82
,,,0.13,83.2
,,,0.1304,82.8
,,,0.1308,82
,,,0.1312,82
,,,0.1316,82
,,,0.132,81.2
,,,0.1324,81.6
,,,0.1328,82
,,,0.1332,83.2
,,,0.1336,82.4
,,,0.134,82
,,,0.1344,82.4
,,,0.1348,82
,,,0.1352,81.6
,,,0.1356,81.6
,,,0.136,82
,,,0.1364,83.2
,,,0.1368,82.4
,,,0.1372,82.4
,,,0.1376,82
,,,0.138,82
,,,0.1384,81.2
,,,0.1388,81.2
,,,0.1392,81.6
,,,0.1396,83.2
,,,0.14,82.4
,,,0.1404,82
,,,0.1408,82
,,,0.1412,82
,,,0.1416,81.2
,,,0.142,81.6
,,,0.1424,82
,,,0.1428,84
,,,0.1432,82.8
,,,0.1436,82
,,,0.144,82
,,,0.1444,82.4
,,,0.1448,81.6
,,,0.1452,81.6
,,,0.1456,82
,,,0.146,84
,,,0.1464,82.4
,,,0.1468,82.4
,,,0.1472,82
,,,0.1476,82
,,,0.148,81.6
,,,0.1484,81.2
,,,0.1488,81.2
,,,0.1492,84
,,,0.1496,82.4
,,,0.15,82
,,,0.1504,82
,,,0.1508,82
,,,0.1512,82
,,,0.1516,81.6
,,,0.152,81.6
,,,0.1524,81.6
,,,0.1528,82
,,,0.1532,84.4
,,,0.1536,82.4
,,,0.154,82.4
,,,0.1544,82
,,,0.1548,82
,,,0.1552,82
,,,0.1556,81.6
,,,0.156,82
,,,0.1564,85.2
,,,0.1568,83.2
,,,0.1572,82.8
,,,0.1576,82
,,,0.158,82.4
,,,0.1584,82.4
,,,0.1588,81.6
,,,0.1592,82
,,,0.1596,85.2
,,,0.16,82.8
,,,0.1604,82.4
,,,0.1608,82
,,,0.1612,82
,,,0.1616,82
,,,0.162,29.2
,,,0.1624,29.2
,,,0.1628,29.2
,,,0.1632,29.2
,,,0.1636,29.2
,,,0.164,29.2
,,,0.1644,29.2
,,,0.1648,29.2
,,,0.1652,29.2
,,,0.1656,29.2
,,,0.166,29.2
,,,0.1664,29.2
,,,0.1668,29.2
,,,0.1672,29.2
,,,0.1676,29.2
,,,0.168,29.2
,,,0.1684,29.2
,,,0.1688,29.2
,,,0.1692,29.2
,,,0.1696,29.2
,,,0.17,29.2
,,,0.1704,29.2
,,,0.1708,29.2
,,,0.1712,29.2
,,,0.1716,29.2
,,,0.172,29.2
,,,0.1724,29.2
,,,0.1728,29.2
,,,0.1732,29.2
,,,0.1736,29.2
,,,0.174,29.2
,,,0.1744,29.2
,,,0.1748,29.2
,,,0.1752,29.2
,,,0.1756,29.2
,,,0.176,29.2
,,,0.1764,29.2
,,,0.1768,29.2
,,,0.1772,29.2
,,,0.1776,29.2
,,,0.178,29.2
,,,0.1784,29.2
,,,0.1788,29.2
,,,0.1792,29.2
,,,0.1796,29.2
,,,0.18,29.2
,,,0.1804,29.2
,,,0.1808,29.2
,,,0.1812,29.2
,,,0.1816,29.2
,,,0.182,29.2
,,,0.1824,29.2
,,,0.1828,29.2
,,,0.1832,29.2
,,,0.1836,29.2
,,,0.184,29.2
,,,0.1844,29.2
,,,0.1848,29.2
,,,0.1852,29.2
,,,0.1856,29.2
,,,0.186,29.2
,,,0.1864,29.2
,,,0.1868,29.2
,,,0.1872,29.2
,,,0.1876,29.2
,,,0.188,29.2
,,,0.1884,29.2
,,,0.1888,29.2
,,,0.1892,29.2
,,,0.1896,29.2
,,,0.19,29.2
,,,0.1904,29.2
,,,0.1908,29.2
,,,0.1912,29.2
,,,0.1916,29.2
,,,0.192,29.2
,,,0.1924,29.2
,,,0.1928,29.2
,,,0.1932,29.2
,,,0.1936,29.2
,,,0.194,29.2
,,,0.1944,29.2
,,,0.1948,29.2
,,,0.1952,29.2
,,,0.1956,29.2
,,,0.196,29.2
,,,0.1964,29.2
,,,0.1968,29.2
,,,0.1972,29.2
,,,0.1976,29.2
,,,0.198,29.2
,,,0.1984,29.2
,,,0.1988,29.2
,,,0.1992,29.2
,,,0.1996,29.2
,,,0.2,29.2
,,,0.2004,29.2
,,,0.2008,29.2
,,,0.2012,29.2
,,,0.2016,29.2
,,,0.202,29.2
,,,0.2024,29.2
,,,0.2028,29.2
,,,0.2032,29.2
,,,0.2036,29.2
,,,0.204,29.2
,,,0.2044,29.2
,,,0.2048,29.2
,,,0.2052,29.2
,,,0.2056,29.2
,,,0.206,29.2
,,,0.2064,29.2
,,,0.2068,29.2
,,,0.2072,29.2
,,,0.2076,29.2
,,,0.208,29.2
,,,0.2084,29.2
,,,0.2088,29.2
,,,0.2092,29.2
,,,0.2096,29.2
,,,0.21,29.2
,,,0.2104,29.2
,,,0.2108,29.2
,,,0.2112,29.2
,,,0.2116,29.2
,,,0.212,29.2
,,,0.2124,29.2
,,,0.2128,29.2
,,,0.2132,29.2
,,,0.2136,29.2
,,,0.214,29.2
,,,0.2144,29.2
,,,0.2148,29.2
,,,0.2152,29.2
,,,0.2156,29.2
,,,0.216,29.2
,,,0.2164,29.2
,,,0.2168,29.2
,,,0.2172,29.2
,,,0.2176,29.2
,,,0.218,29.2
,,,0.2184,29.2
,,,0.2188,29.2
,,,0.2192,29.2
,,,0.2196,29.2
,,,0.22,29.2
,,,0.2204,29.2
,,,0.2208,29.2
,,,0.2212,29.2
,,,0.2216,29.2
,,,0.222,29.2
,,,0.2224,29.2
,,,0.2228,29.2
,,,0.2232,29.2
,,,0.2236,29.2
,,,0.224,29.2
,,,0.2244,29.2
,,,0.2248,29.2
,,,0.2252,29.2
,,,0.2256,29.2
,,,0.226,29.2
,,,0.2264,29.2
,,,0.2268,29.2
,,,0.2272,29.2
,,,0.2276,29.2
,,,0.228,29.2
,,,0.2284,29.2
,,,0.2288,29.2
,,,0.2292,29.2
,,,0.2296,29.2
,,,0.23,29.2
,,,0.2304,29.2
,,,0.2308,29.2
,,,0.2312,29.2
,,,0.2316,29.2
,,,0.232,29.2
,,,0.2324,29.2
,,,0.2328,29.2
,,,0.2332,29.2
,,,0.2336,29.2
,,,0.234,29.2
,,,0.2344,29.2
,,,0.2348,29.2
,,,0.2352,29.2
,,,0.2356,29.2
,,,0.236,29.2
,,,0.2364,29.2
,,,0.2368,29.2
,,,0.2372,29.2
,,,0.2376,29.2
,,,0.238,29.2
,,,0.2384,29.2
,,,0.2388,29.2
,,,0.2392,29.2
,,,0.2396,29.2
,,,0.24,29.2
,,,0.2404,29.2
,,,0.2408,29.2
,,,0.2412,29.2
,,,0.2416,29.2
,,,0.242,29.2
,,,0.2424,29.2
,,,0.2428,29.2
,,,0.2432,29.2
,,,0.2436,29.2
,,,0.244,29.2
,,,0.2444,29.2
,,,0.2448,29.2
,,,0.2452,29.2
,,,0.2456,29.2
,,,0.246,29.2
,,,0.2464,29.2
,,,0.2468,29.2
,,,0.2472,29.2
,,,0.2476,29.2
,,,0.248,29.2
,,,0.2484,29.2
,,,0.2488,29.2
,,,0.2492,29.2
,,,0.2496,29.2
,,,0.25,29.2
,,,0.2504,29.2
,,,0.2508,29.2
,,,0.2512,29.2
,,,0.2516,29.2
,,,0.252,29.2
,,,0.2524,29.2
,,,0.2528,29.2
,,,0.2532,29.2
,,,0.2536,29.2
,,,0.254,29.2
,,,0.2544,29.2
,,,0.2548,29.2
,,,0.2552,29.2
,,,0.2556,29.2
,,,0.256,29.2
,,,0.2564,29.2
,,,0.2568,29.2
,,,0.2572,29.2
,,,0.2576,29.2
,,,0.258,29.2
,,,0.2584,29.2
,,,0.2588,29.2
,,,0.2592,29.2
,,,0.2596,29.2
,,,0.26,29.2
,,,0.2604,29.2
,,,0.2608,29.2
,,,0.2612,29.2
,,,0.2616,29.2
,,,0.262,49.6
,,,0.2624,49.6
,,,0.2628,50
,,,0.2632,50.8
,,,0.2636,50
,,,0.264,49.6
,,,0.2644,50
,,,0.2648,49.6
,,,0.2652,49.6
,,,0.2656,50
,,,0.266,50.4
,,,0.2664,50.4
,,,0.2668,49.6
,,,0.2672,50.4
,,,0.2676,50
,,,0.268,49.6
,,,0.2684,49.6
,,,0.2688,51.6
,,,0.2692,50.4
,,,0.2696,50.4
,,,0.27,50
,,,0.2704,49.6
,,,0.2708,49.6
,,,0.2712,49.6
,,,0.2716,51.6
,,,0.272,50
,,,0.2724,50
,,,0.2728,50
,,,0.2732,49.6
,,,0.2736,49.6
,,,0.274,49.6
,,,0.2744,50
,,,0.2748,50.4
,,,0.2752,50
,,,0.2756,49.6
,,,0.276,50
,,,0.2764,49.6
,,,0.2768,49.6
,,,0.2772,49.6
,,,0.2776,50.4
,,,0.278,50
,,,0.2784,49.6
,,,0.2788,50
,,,0.2792,49.6
,,,0.2796,49.6
,,,0.28,49.6
,,,0.2804,51.2
,,,0.2808,50
,,,0.2812,50
,,,0.2816,50
,,,0.282,50
,,,0.2824,49.6
,,,0.2828,49.6
,,,0.2832,52
,,,0.2836,50.4
,,,0.284,50
,,,0.2844,50
,,,0.2848,50
,,,0.2852,49.6
,,,0.2856,49.6
,,,0.286,50
,,,0.2864,50.4
,,,0.2868,49.6
,,,0.2872,50
,,,0.2876,50
,,,0.288,50
,,,0.2884,50
,,,0.2888,50
,,,0.2892,50.8
,,,0.2896,50
,,,0.29,49.6
,,,0.2904,50
,,,0.2908,50
,,,0.2912,49.6
,,,0.2916,49.6
,,,0.292,50.8
,,,0.2924,50
,,,0.2928,50
,,,0.2932,50
,,,0.2936,49.6
,,,0.294,49.6
,,,0.2944,49.6
,,,0.2948,51.6
,,,0.2952,50.4
,,,0.2956,50
,,,0.296,50
,,,0.2964,50
,,,0.2968,49.6
,,,0.2972,49.6
,,,0.2976,50.4
,,,0.298,50.4
,,,0.2984,50
,,,0.2988,50
,,,0.2992,50
,,,0.2996,49.6
,,,0.3,49.6
,,,0.3004,49.6
,,,0.3008,50.4
,,,0.3012,50.4
,,,0.3016,50
,,,0.302,49.6
,,,0.3024,49.6
,,,0.3028,49.6
,,,0.3032,49.6
,,,0.3036,51.2
,,,0.304,50
,,,0.3044,49.6
,,,0.3048,50
,,,0.3052,49.6
,,,0.3056,49.6
,,,0.306,49.6
,,,0.3064,52
,,,0.3068,50
,,,0.3072,50
,,,0.3076,49.6
,,,0.308,50
,,,0.3084,49.6
,,,0.3088,49.6
,,,0.3092,50.8
,,,0.3096,50.4
,,,0.31,50.4
,,,0.3104,49.6
,,,0.3108,49.6
,,,0.3112,49.6
,,,0.3116,49.6
,,,0.312,49.6
,,,0.3124,50.8
,,,0.3128,50
,,,0.3132,49.6
,,,0.3136,49.6
,,,0.314,49.6
,,,0.3144,49.6
,,,0.3148,49.6
,,,0.3152,51.2
,,,0.3156,50
,,,0.316,49.6
,,,0.3164,49.6
,,,0.3168,49.6
,,,0.3172,49.2
,,,0.3176,49.6
,,,0.318,52
,,,0.3184,50.4
,,,0.3188,50
,,,0.3192,49.6
,,,0.3196,49.6
,,,0.32,49.6
,,,0.3204,49.6
,,,0.3208,50.4
,,,0.3212,50.4
,,,0.3216,50
,,,0.322,49.6
,,,0.3224,50
,,,0.3228,49.6
,,,0.3232,49.6
,,,0.3236,50
,,,0.324,50.4
,,,0.3244,50
,,,0.3248,50
,,,0.3252,49.6
,,,0.3256,49.6
,,,0.326,49.6
,,,0.3264,49.6
,,,0.3268,51.2
,,,0.3272,50
,,,0.3276,50
,,,0.328,49.6
,,,0.3284,50
,,,0.3288,49.6
,,,0.3292,49.6
,,,0.3296,51.6
,,,0.33,50
,,,0.3304,50
,,,0.3308,49.6
,,,0.3312,50
,,,0.3316,49.6
,,,0.332,49.6
,,,0.3324,50.4
,,,0.3328,50.4
,,,0.3332,50
,,,0.3336,50
,,,0.334,49.6
,,,0.3344,49.6
,,,0.3348,49.2
,,,0.3352,49.6
,,,0.3356,50.4
,,,0.336,50
,,,0.3364,50
,,,0.3368,50
,,,0.3372,49.6
,,,0.3376,49.2
,,,0.338,49.6
,,,0.3384,51.2
,,,0.3388,50
,,,0.3392,50
,,,0.3396,49.6
,,,0.34,50
,,,0.3404,49.6
,,,0.3408,49.6
,,,0.3412,51.2
,,,0.3416,50.4
,,,0.342,50
,,,0.3424,49.6
,,,0.3428,49.6
,,,0.3432,49.6
,,,0.3436,49.6
,,,0.344,51.6
,,,0.3444,50.4
,,,0.3448,50
,,,0.3452,50
,,,0.3456,49.6
,,,0.346,49.2
,,,0.3464,49.6
,,,0.3468,50.4
,,,0.3472,50.4
,,,0.3476,50
,,,0.348,50
,,,0.3484,50
,,,0.3488,49.6
,,,0.3492,49.2
,,,0.3496,49.6
,,,0.35,50.4
,,,0.3504,50.4
,,,0.3508,50
,,,0.3512,50
,,,0.3516,49.6
,,,0.352,49.6
,,,0.3524,49.6
,,,0.3528,51.6
,,,0.3532,50.4
,,,0.3536,49.6
,,,0.354,49.6
,,,0.3544,49.6
,,,0.3548,49.6
,,,0.3552,49.6
,,,0.3556,51.2
,,,0.356,50.4
,,,0.3564,50
,,,0.3568,50
,,,0.3572,50
,,,0.3576,49.6
,,,0.358,49.6
,,,0.3584,49.6
,,,0.3588,50.8
,,,0.3592,50
,,,0.3596,50
,,,0.36,49.6
,,,0.3604,49.6
,,,0.3608,49.6
,,,0.3612,49.6
,,,0.3616,51.2
,,,0.362,50
,,,0.3624,50
,,,0.3628,49.6
,,,0.3632,50
,,,0.3636,49.6
,,,0.364,49.6
,,,0.3644,52
,,,0.3648,50.4
,,,0.3652,50
,,,0.3656,50
,,,0.366,42
,,,0.3664,41.6
,,,0.3668,41.6
,,,0.3672,41.6
,,,0.3676,43.2
,,,0.368,50
,,,0.3684,49.6
,,,0.3688,49.6
,,,0.3692,49.6
,,,0.3696,49.6
,,,0.37,46.8
,,,0.3704,47.2
,,,0.3708,49.2
,,,0.3712,48
,,,0.3716,47.2
,,,0.372,42.8
,,,0.3724,42.8
,,,0.3728,42.4
,,,0.3732,42.4
,,,0.3736,42.4
,,,0.374,40.4
,,,0.3744,39.2
,,,0.3748,39.2
,,,0.3752,39.2
,,,0.3756,39.2
,,,0.376,39.2
,,,0.3764,39.2
,,,0.3768,38.8
,,,0.3772,40.8
,,,0.3776,40
,,,0.378,44.4
,,,0.3784,44
,,,0.3788,44
,,,0.3792,44
,,,0.3796,43.2
,,,0.38,50
,,,0.3804,50.4
,,,0.3808,50.8
,,,0.3812,50.4
,,,0.3816,50
,,,0.382,56.4
,,,0.3824,56.4
,,,0.3828,56.4
,,,0.3832,56
,,,0.3836,56.8
,,,0.384,63.6
,,,0.3844,63.2
,,,0.3848,62.8
,,,0.3852,62.8
,,,0.3856,62.8
,,,0.386,68
,,,0.3864,68
,,,0.3868,68.4
,,,0.3872,69.6
,,,0.3876,68.8
,,,0.388,73.6
,,,0.3884,73.6
,,,0.3888,73.2
,,,0.3892,72.8
,,,0.3896,72.8
,,,0.39,77.2
,,,0.3904,78.8
,,,0.3908,77.6
,,,0.3912,77.6
,,,0.3916,77.2
,,,0.392,80.8
,,,0.3924,80
,,,0.3928,80
,,,0.3932,80.4
,,,0.3936,82.8
,,,0.394,84
,,,0.3944,83.6
,,,0.3948,83.2
,,,0.3952,83.2
,,,0.3956,83.2
,,,0.396,85.6
,,,0.3964,85.6
,,,0.3968,89.2
,,,0.3972,86.4
,,,0.3976,86
,,,0.398,86.8
,,,0.3984,87.2
,,,0.3988,86.8
,,,0.3992,86.4
,,,0.3996,87.2
,,,0.4,92.4
,,,0.4004,90
,,,0.4008,89.6
,,,0.4012,89.2
,,,0.4016,89.2
,,,0.402,89.6
,,,0.4024,89.6
,,,0.4028,89.6
,,,0.4032,94
,,,0.4036,90.8
,,,0.404,91.2
,,,0.4044,91.2
,,,0.4048,90.4
,,,0.4052,90.4
,,,0.4056,90.4
,,,0.406,91.6
,,,0.4064,95.2
,,,0.4068,92.8
,,,0.4072,92.4
,,,0.4076,92
,,,0.408,92
,,,0.4084,91.6
,,,0.4088,91.2
,,,0.4092,91.2
,,,0.4096,95.6
,,,0.41,91.2
,,,0.4104,90.4
,,,0.4108,90
,,,0.4112,90.4
,,,0.4116,90
,,,0.412,86.8
,,,0.4124,87.2
,,,0.4128,90.8
,,,0.4132,88.8
,,,0.4136,88.4
,,,0.414,85.6
,,,0.4144,85.6
,,,0.4148,85.6
,,,0.4152,84.8
,,,0.4156,85.2
,,,0.416,86.4
,,,0.4164,83.6
,,,0.4168,82.8
,,,0.4172,83.2
,,,0.4176,83.2
,,,0.418,81.2
,,,0.4184,80.8
,,,0.4188,80.8
,,,0.4192,83.2
,,,0.4196,82.4
,,,0.42,81.2
,,,0.4204,80.8
,,,0.4208,80.8
,,,0.4212,80.8
,,,0.4216,80.4
,,,0.422,80.4
,,,0.4224,82.4
,,,0.4228,82
,,,0.4232,81.2
,,,0.4236,81.2
,,,0.424,82.4
,,,0.4244,82.8
,,,0.4248,82
,,,0.4252,82
,,,0.4256,82.8
,,,0.426,84
,,,0.4264,83.2
,,,0.4268,83.2
,,,0.4272,82.8
,,,0.4276,83.2
,,,0.428,82.4
,,,0.4284,82.8
,,,0.4288,83.2
,,,0.4292,84
,,,0.4296,83.2
,,,0.43,83.2
,,,0.4304,83.2
,,,0.4308,83.2
,,,0.4312,82.8
,,,0.4316,82.8
,,,0.432,82.4
,,,0.4324,83.2
,,,0.4328,83.2
,,,0.4332,83.2
,,,0.4336,82.8
,,,0.434,82.4
,,,0.4344,81.6
,,,0.4348,82
,,,0.4352,82
,,,0.4356,83.2
,,,0.436,82.4
,,,0.4364,82
,,,0.4368,81.6
,,,0.4372,82
,,,0.4376,81.6
,,,0.438,81.2
,,,0.4384,81.6
,,,0.4388,83.2
,,,0.4392,82
,,,0.4396,81.6
,,,0.44,81.6
,,,0.4404,81.2
,,,0.4408,80.8
,,,0.4412,80.8
,,,0.4416,81.2
,,,0.442,83.2
,,,0.4424,82
,,,0.4428,82
,,,0.4432,81.6
,,,0.4436,81.6
,,,0.444,81.2
,,,0.4444,81.2
,,,0.4448,81.6
,,,0.4452,83.2
,,,0.4456,82.4
,,,0.446,82
,,,0.4464,82
,,,0.4468,82
,,,0.4472,81.6
,,,0.4476,81.2
,,,0.448,81.6
,,,0.4484,83.6
,,,0.4488,82
,,,0.4492,82
,,,0.4496,81.6
,,,0.45,82
,,,0.4504,81.6
,,,0.4508,81.6
,,,0.4512,82
,,,0.4516,84
,,,0.452,82.8
,,,0.4524,82.4
,,,0.4528,82
,,,0.4532,82
,,,0.4536,81.6
,,,0.454,81.2
,,,0.4544,81.6
,,,0.4548,83.6
,,,0.4552,82.4
,,,0.4556,82
,,,0.456,81.6
,,,0.4564,82
,,,0.4568,80.8
,,,0.4572,81.2
,,,0.4576,81.2
,,,0.458,84.4
,,,0.4584,82.8
,,,0.4588,82
,,,0.4592,82
,,,0.4596,81.6
,,,0.46,81.2
,,,0.4604,81.2
,,,0.4608,81.6
,,,0.4612,84.8
,,,0.4616,82
,,,0.462,82
,,,0.4624,81.6
,,,0.4628,81.6
,,,0.4632,81.2
,,,0.4636,80.8
,,,0.464,81.2
,,,0.4644,85.2
,,,0.4648,82.4
,,,0.4652,82
,,,0.4656,82
,,,0.466,81.2
,,,0.4664,81.2
,,,0.4668,80.8
,,,0.4672,81.6
,,,0.4676,85.2
,,,0.468,82.8
,,,0.4684,82
,,,0.4688,81.6
,,,0.4692,82
,,,0.4696,81.6
,,,0.47,80.8
,,,0.4704,81.6
,,,0.4708,84.4
,,,0.4712,82.4
,,,0.4716,82
,,,0.472,82
,,,0.4724,82
,,,0.4728,82
,,,0.4732,81.6
,,,0.4736,81.6
,,,0.474,84.4
,,,0.4744,82.8
,,,0.4748,82
,,,0.4752,81.6
,,,0.4756,81.6
,,,0.476,81.6
,,,0.4764,81.2
,,,0.4768,81.2
,,,0.4772,84
,,,0.4776,82.8
,,,0.478,82
,,,0.4784,82
,,,0.4788,82
,,,0.4792,82
,,,0.4796,80.8
,,,0.48,81.2
,,,0.4804,82.8
,,,0.4808,82.8
,,,0.4812,82
,,,0.4816,81.6
,,,0.482,81.6
,,,0.4824,82
,,,0.4828,81.6
,,,0.4832,82
,,,0.4836,82.8
,,,0.484,83.2
,,,0.4844,82.8
,,,0.4848,82.4
,,,0.4852,82
,,,0.4856,82.4
,,,0.486,81.2
,,,0.4864,81.6
,,,0.4868,82.4
,,,0.4872,82.8
,,,0.4876,82
,,,0.488,81.6
,,,0.4884,82
,,,0.4888,82
,,,0.4892,81.2
,,,0.4896,81.6
,,,0.49,82
,,,0.4904,83.2
,,,0.4908,82
,,,0.4912,81.6
,,,0.4916,81.6
,,,0.492,82
,,,0.4924,81.2
,,,0.4928,82
,,,0.4932,82
,,,0.4936,83.2
,,,0.494,82
,,,0.4944,82
,,,0.4948,81.6
,,,0.4952,81.6
,,,0.4956,81.2
,,,0.496,81.6
,,,0.4964,82.4
,,,0.4968,83.2
,,,0.4972,82.4
,,,0.4976,82.4
,,,0.498,81.6
,,,0.4984,82
,,,0.4988,81.2
,,,0.4992,81.2
,,,0.4996,82
,,,0.5,82.8
,,,0.5004,82
,,,0.5008,82
,,,0.5012,81.6
,,,0.5016,81.6
,,,0.502,81.2
,,,0.5024,81.6
,,,0.5028,82
,,,0.5032,84
,,,0.5036,82.8
,,,0.504,82
,,,0.5044,82
,,,0.5048,82
,,,0.5052,81.2
,,,0.5056,81.6
,,,0.506,82
,,,0.5064,85.2
,,,0.5068,83.2
,,,0.5072,83.2
,,,0.5076,82.8
,,,0.508,83.2
,,,0.5084,82.8
,,,0.5088,82.4
,,,0.5092,82.4
,,,0.5096,85.6
,,,0.51,83.6
,,,0.5104,82.8
,,,0.5108,83.2
,,,0.5112,83.2
,,,0.5116,82.8
,,,0.512,82.4
,,,0.5124,82.8
,,,0.5128,86.4
,,,0.5132,83.6
,,,0.5136,83.6
,,,0.514,83.2
,,,0.5144,82.8
,,,0.5148,82.4
,,,0.5152,82.4
,,,0.5156,82.8
,,,0.516,86
,,,0.5164,83.6
,,,0.5168,83.2
,,,0.5172,82.8
,,,0.5176,82.8
,,,0.518,82
,,,0.5184,81.6
,,,0.5188,82
,,,0.5192,86
,,,0.5196,83.2
,,,0.52,82.4
,,,0.5204,82
,,,0.5208,82
,,,0.5212,82
,,,0.5216,81.2
,,,0.522,82
,,,0.5224,85.6
,,,0.5228,82.8
,,,0.5232,82.4
,,,0.5236,82
,,,0.524,82
,,,0.5244,82
,,,0.5248,81.6
,,,0.5252,82
,,,0.5256,85.6
,,,0.526,82.8
,,,0.5264,82.4
,,,0.5268,82
,,,0.5272,82
,,,0.5276,81.6
,,,0.528,81.2
,,,0.5284,81.6
,,,0.5288,84.4
,,,0.5292,83.2
,,,0.5296,82
,,,0.53,82
,,,0.5304,82
,,,0.5308,82.4
,,,0.5312,81.2
,,,0.5316,81.6
,,,0.532,84.4
,,,0.5324,83.2
,,,0.5328,82.4
,,,0.5332,82.4
,,,0.5336,82
,,,0.534,82
,,,0.5344,81.2
,,,0.5348,81.2
,,,0.5352,82
,,,0.5356,82.8
,,,0.536,82.4
,,,0.5364,82
,,,0.5368,82
,,,0.5372,82.8
,,,0.5376,81.2
,,,0.538,81.6
,,,0.5384,82.4
,,,0.5388,83.2
,,,0.5392,82
,,,0.5396,82
,,,0.54,82
,,,0.5404,82.4
,,,0.5408,82
,,,0.5412,82
,,,0.5416,82
,,,0.542,83.2
,,,0.5424,82.4
,,,0.5428,82
,,,0.5432,82
,,,0.5436,82
,,,0.544,80.8
,,,0.5444,81.2
,,,0.5448,82
,,,0.5452,83.2
,,,0.5456,82
,,,0.546,82
,,,0.5464,82
,,,0.5468,82
,,,0.5472,81.6
,,,0.5476,81.6
,,,0.548,82
,,,0.5484,84.4
,,,0.5488,82.4
,,,0.5492,82
,,,0.5496,82
,,,0.55,82
,,,0.5504,81.2
,,,0.5508,81.2
,,,0.5512,81.6
,,,0.5516,83.6
,,,0.552,82.8
,,,0.5524,82
,,,0.5528,82
,,,0.5532,82
,,,0.5536,81.2
,,,0.554,81.6
,,,0.5544,81.6
,,,0.5548,84
,,,0.5552,82.8
,,,0.5556,82.4
,,,0.556,82
,,,0.5564,82
,,,0.5568,81.6
,,,0.5572,81.6
,,,0.5576,81.6
,,,0.558,84
,,,0.5584,82.4
,,,0.5588,82.4
,,,0.5592,82
,,,0.5596,82
,,,0.56,81.6
,,,0.5604,82
,,,0.5608,82
,,,0.5612,84.8
,,,0.5616,82.8
,,,0.562,82
,,,0.5624,82
,,,0.5628,82.4
,,,0.5632,82
,,,0.5636,82
,,,0.564,81.6
,,,0.5644,84.4
,,,0.5648,82.8
,,,0.5652,82.4
,,,0.5656,82
,,,0.566,82
,,,0.5664,82
,,,0.5668,82
,,,0.5672,82
,,,0.5676,84.4
,,,0.568,82.4
,,,0.5684,82.8
,,,0.5688,82
,,,0.5692,81.6
,,,0.5696,82
,,,0.57,81.6
,,,0.5704,81.6
,,,0.5708,85.2
,,,0.5712,82.8
,,,0.5716,82.4
,,,0.572,82
,,,0.5724,82
,,,0.5728,81.6
,,,0.5732,81.6
,,,0.5736,81.6
,,,0.574,85.6
,,,0.5744,82.8
,,,0.5748,82.4
,,,0.5752,82
,,,0.5756,82
,,,0.576,81.6
,,,0.5764,81.2
,,,0.5768,82
,,,0.5772,86
,,,0.5776,82.8
,,,0.578,82
,,,0.5784,82
,,,0.5788,81.6
,,,0.5792,81.2
,,,0.5796,80.8
,,,0.58,82
,,,0.5804,84.8
,,,0.5808,83.2
,,,0.5812,82.8
,,,0.5816,82
,,,0.582,82
,,,0.5824,82
,,,0.5828,81.6
,,,0.5832,82
,,,0.5836,84.8
,,,0.584,82.8
,,,0.5844,82.8
,,,0.5848,82
,,,0.5852,82
,,,0.5856,82
,,,0.586,81.2
,,,0.5864,82
,,,0.5868,84.4
,,,0.5872,82.8
,,,0.5876,82
,,,0.588,82
,,,0.5884,82
,,,0.5888,82
,,,0.5892,81.2
,,,0.5896,82
,,,0.59,84.4
,,,0.5904,82.4
,,,0.5908,82.4
,,,0.5912,82
,,,0.5916,81.6
,,,0.592,82
,,,0.5924,81.2
,,,0.5928,81.6
,,,0.5932,83.2
,,,0.5936,83.2
,,,0.594,82
,,,0.5944,82
,,,0.5948,82
,,,0.5952,82
,,,0.5956,81.2
,,,0.596,81.6
,,,0.5964,82.4
,,,0.5968,82.8
,,,0.5972,82.4
,,,0.5976,82
,,,0.598,82
,,,0.5984,82
,,,0.5988,81.6
,,,0.5992,81.6
,,,0.5996,82.4
,,,0.6,83.2
,,,0.6004,82.4
,,,0.6008,82.4
,,,0.6012,82
,,,0.6016,82.4
,,,0.602,82
,,,0.6024,82
,,,0.6028,82.4
,,,0.6032,83.2
,,,0.6036,83.2
,,,0.604,82.4
,,,0.6044,82
,,,0.6048,82
,,,0.6052,81.2
,,,0.6056,81.2
,,,0.606,82.4
,,,0.6064,84
,,,0.6068,83.2
,,,0.6072,82.8
,,,0.6076,82.4
,,,0.608,82
,,,0.6084,81.6
,,,0.6088,82
,,,0.6092,81.6
,,,0.6096,83.6
,,,0.61,82.4
,,,0.6104,82.4
,,,0.6108,82.4
,,,0.6112,82
,,,0.6116,81.2
,,,0.612,81.6
,,,0.6124,82
,,,0.6128,84.4
,,,0.6132,82.8
,,,0.6136,82.4
,,,0.614,82
,,,0.6144,82
,,,0.6148,82
,,,0.6152,81.6
,,,0.6156,81.6
,,,0.616,84.8
,,,0.6164,82.8
,,,0.6168,82.4
,,,0.6172,82
,,,0.6176,82
,,,0.618,81.6
,,,0.6184,81.2
,,,0.6188,82
,,,0.6192,85.6
,,,0.6196,82.8
,,,0.62,82
,,,0.6204,82
,,,0.6208,81.6
,,,0.6212,81.2
,,,0.6216,81.2
,,,0.622,81.6
,,,0.6224,85.6
,,,0.6228,82.8
,,,0.6232,82.4
,,,0.6236,82
,,,0.624,82
,,,0.6244,81.6
,,,0.6248,81.6
,,,0.6252,82
,,,0.6256,86
,,,0.626,82.4
,,,0.6264,82
,,,0.6268,82
,,,0.6272,81.6
,,,0.6276,81.6
,,,0.628,81.6
,,,0.6284,81.6
,,,0.6288,85.2
,,,0.6292,82.8
,,,0.6296,82
,,,0.63,82
,,,0.6304,82
,,,0.6308,82
,,,0.6312,81.2
,,,0.6316,81.6
,,,0.632,85.2
,,,0.6324,82.8
,,,0.6328,82.8
,,,0.6332,82
,,,0.6336,82
,,,0.634,82
,,,0.6344,81.2
,,,0.6348,81.6
,,,0.6352,84
,,,0.6356,82.8
,,,0.636,82
,,,0.6364,82.4
,,,0.6368,82
,,,0.6372,82.4
,,,0.6376,81.6
,,,0.638,82
,,,0.6384,82.4
,,,0.6388,83.2
,,,0.6392,83.2
,,,0.6396,82.4
,,,0.64,82
,,,0.6404,82
,,,0.6408,82
,,,0.6412,81.2
,,,0.6416,81.6
,,,0.642,82
,,,0.6424,85.2
,,,0.6428,82.4
,,,0.6432,82.4
,,,0.6436,82
,,,0.644,81.2
,,,0.6444,82
,,,0.6448,81.2
,,,0.6452,82
,,,0.6456,82
,,,0.646,83.2
,,,0.6464,82.8
,,,0.6468,82
,,,0.6472,82
,,,0.6476,82
,,,0.648,81.6
,,,0.6484,81.6
,,,0.6488,82
,,,0.6492,84
,,,0.6496,82.8
,,,0.65,82.4
,,,0.6504,82.4
,,,0.6508,82.4
,,,0.6512,82
,,,0.6516,81.6
,,,0.652,81.6
,,,0.6524,84.4
,,,0.6528,82.4
,,,0.6532,82.4
,,,0.6536,82
,,,0.654,82
,,,0.6544,82
,,,0.6548,81.6
,,,0.6552,82
,,,0.6556,84.4
,,,0.656,82.4
,,,0.6564,82.8
,,,0.6568,82
,,,0.6572,82
,,,0.6576,81.6
,,,0.658,81.6
,,,0.6584,81.6
,,,0.6588,85.2
,,,0.6592,82.8
,,,0.6596,82.4
,,,0.66,82
,,,0.6604,82
,,,0.6608,82
,,,0.6612,81.6
,,,0.6616,82
,,,0.662,85.2
,,,0.6624,82.8
,,,0.6628,82.4
,,,0.6632,82
,,,0.6636,82
,,,0.664,81.2
,,,0.6644,81.2
,,,0.6648,81.2
,,,0.6652,85.2
,,,0.6656,82.4
,,,0.666,82
,,,0.6664,82
,,,0.6668,81.6
,,,0.6672,81.6
,,,0.6676,81.2
,,,0.668,82
,,,0.6684,85.2
,,,0.6688,83.2
,,,0.6692,82.4
,,,0.6696,82.4
,,,0.67,82
,,,0.6704,82
,,,0.6708,81.6
,,,0.6712,81.6
,,,0.6716,85.2
,,,0.672,82.8
,,,0.6724,82.4
,,,0.6728,82.4
,,,0.6732,82.4
,,,0.6736,82
,,,0.674,81.2
,,,0.6744,81.6
,,,0.6748,83.6
,,,0.6752,82.8
,,,0.6756,82.8
,,,0.676,82
,,,0.6764,82
,,,0.6768,82
,,,0.6772,81.6
,,,0.6776,82
,,,0.678,84
,,,0.6784,83.2
,,,0.6788,82.4
,,,0.6792,82
,,,0.6796,82
,,,0.68,82
,,,0.6804,81.2
,,,0.6808,81.6
,,,0.6812,83.2
,,,0.6816,83.2
,,,0.682,82.8
,,,0.6824,82.4
,,,0.6828,82.4
,,,0.6832,82
,,,0.6836,82
,,,0.684,81.6
,,,0.6844,82.4
,,,0.6848,83.2
,,,0.6852,82.4
,,,0.6856,82
,,,0.686,82
,,,0.6864,82
,,,0.6868,81.6
,,,0.6872,81.6
,,,0.6876,82.4
,,,0.688,83.2
,,,0.6884,82.8
,,,0.6888,82.4
,,,0.6892,82.4
,,,0.6896,82.4
,,,0.69,81.2
,,,0.6904,81.6
,,,0.6908,82.4
,,,0.6912,83.2
,,,0.6916,82.4
,,,0.692,82
,,,0.6924,82
,,,0.6928,82
,,,0.6932,80.8
,,,0.6936,81.6
,,,0.694,82.4
,,,0.6944,83.2
,,,0.6948,82
,,,0.6952,82
,,,0.6956,82
,,,0.696,82
,,,0.6964,81.2
,,,0.6968,82
,,,0.6972,82
,,,0.6976,83.2
,,,0.698,82.8
,,,0.6984,82
,,,0.6988,82
,,,0.6992,82
,,,0.6996,81.6
,,,0.7,81.6
,,,0.7004,81.6
,,,0.7008,84
,,,0.7012,82
,,,0.7016,82
,,,0.702,82
,,,0.7024,81.6
,,,0.7028,81.2
,,,0.7032,81.2
,,,0.7036,81.6
,,,0.704,83.2
,,,0.7044,82.8
,,,0.7048,82.4
,,,0.7052,82
,,,0.7056,82.4
,,,0.706,81.2
,,,0.7064,81.2
,,,0.7068,81.2
,,,0.7072,83.6
,,,0.7076,82
,,,0.708,82
,,,0.7084,82
,,,0.7088,82
,,,0.7092,81.6
,,,0.7096,81.6
,,,0.71,82
,,,0.7104,84.4
,,,0.7108,82.4
,,,0.7112,82.4
,,,0.7116,82
,,,0.712,82
,,,0.7124,81.6
,,,0.7128,81.2
,,,0.7132,82
,,,0.7136,84.4
,,,0.714,82.8
,,,0.7144,82.4
,,,0.7148,82
,,,0.7152,82
,,,0.7156,81.6
,,,0.716,81.6
,,,0.7164,82
,,,0.7168,84.8
,,,0.7172,82.8
,,,0.7176,82
,,,0.718,82.4
,,,0.7184,82
,,,0.7188,81.6
,,,0.7192,81.6
,,,0.7196,82
,,,0.72,85.6
,,,0.7204,83.2
,,,0.7208,83.2
,,,0.7212,82
,,,0.7216,82.4
,,,0.722,81.6
,,,0.7224,81.6
,,,0.7228,81.6
,,,0.7232,85.2
,,,0.7236,82.8
,,,0.724,82.4
,,,0.7244,82
,,,0.7248,82
,,,0.7252,82
,,,0.7256,81.6
,,,0.726,82
,,,0.7264,86
,,,0.7268,82.8
,,,0.7272,82.4
,,,0.7276,82
,,,0.728,82.4
,,,0.7284,82.4
,,,0.7288,82
,,,0.7292,82.4
,,,0.7296,86
,,,0.73,83.2
,,,0.7304,82.4
,,,0.7308,82
,,,0.7312,82
,,,0.7316,82
,,,0.732,81.2
,,,0.7324,82
,,,0.7328,84
,,,0.7332,83.2
,,,0.7336,82.4
,,,0.734,82.4
,,,0.7344,82.4
,,,0.7348,82.4
,,,0.7352,81.2
,,,0.7356,81.6
,,,0.736,83.6
,,,0.7364,83.2
,,,0.7368,82.4
,,,0.7372,82
,,,0.7376,82
,,,0.738,82.4
,,,0.7384,81.2
,,,0.7388,82
,,,0.7392,82.4
,,,0.7396,83.6
,,,0.74,82
,,,0.7404,82
,,,0.7408,82.4
,,,0.7412,82
,,,0.7416,81.6
,,,0.742,81.2
,,,0.7424,81.2
,,,0.7428,83.2
,,,0.7432,82.4
,,,0.7436,82
,,,0.744,82
,,,0.7444,82
,,,0.7448,82
,,,0.7452,81.6
,,,0.7456,82
,,,0.746,83.2
,,,0.7464,82.4
,,,0.7468,82
,,,0.7472,81.6
,,,0.7476,82
,,,0.748,81.6
,,,0.7484,81.6
,,,0.7488,82
,,,0.7492,84
,,,0.7496,82.4
,,,0.75,82
,,,0.7504,82.4
,,,0.7508,82
,,,0.7512,82
,,,0.7516,81.6
,,,0.752,82
,,,0.7524,85.2
,,,0.7528,82.8
,,,0.7532,82
,,,0.7536,82
,,,0.754,82
,,,0.7544,81.6
,,,0.7548,81.2
,,,0.7552,81.6
,,,0.7556,86
,,,0.756,82.8
,,,0.7564,82
,,,0.7568,82
,,,0.7572,82
,,,0.7576,81.6
,,,0.758,81.6
,,,0.7584,81.6
,,,0.7588,85.6
,,,0.7592,83.2
,,,0.7596,82.4
,,,0.76,82.4
,,,0.7604,82
,,,0.7608,82.4
,,,0.7612,81.2
,,,0.7616,82
,,,0.762,85.6
,,,0.7624,83.2
,,,0.7628,82
,,,0.7632,82
,,,0.7636,82.8
,,,0.764,82
,,,0.7644,81.6
,,,0.7648,82
,,,0.7652,83.2
,,,0.7656,82.8
,,,0.766,82.4
,,,0.7664,82
,,,0.7668,82
,,,0.7672,82
,,,0.7676,81.2
,,,0.768,82
,,,0.7684,83.2
,,,0.7688,83.6
,,,0.7692,82.8
,,,0.7696,82.8
,,,0.77,82
,,,0.7704,82
,,,0.7708,81.2
,,,0.7712,81.6
,,,0.7716,83.2
,,,0.772,82.8
,,,0.7724,82.4
,,,0.7728,82.4
,,,0.7732,82
,,,0.7736,82
,,,0.774,81.6
,,,0.7744,81.6
,,,0.7748,82.4
,,,0.7752,83.2
,,,0.7756,82.8
,,,0.776,82
,,,0.7764,82
,,,0.7768,82
,,,0.7772,81.6
,,,0.7776,81.6
,,,0.778,82.4
,,,0.7784,83.2
,,,0.7788,82.4
,,,0.7792,82.4
,,,0.7796,82
,,,0.78,82
,,,0.7804,81.6
,,,0.7808,81.6
,,,0.7812,82
,,,0.7816,83.2
,,,0.782,82
,,,0.7824,82
,,,0.7828,82
,,,0.7832,82
,,,0.7836,80.8
,,,0.784,81.6
,,,0.7844,81.6
,,,0.7848,83.6
,,,0.7852,82.4
,,,0.7856,82.4
,,,0.786,81.6
,,,0.7864,81.6
,,,0.7868,80.8
,,,0.7872,81.2
,,,0.7876,81.2
,,,0.788,83.6
,,,0.7884,82.4
,,,0.7888,82.4
,,,0.7892,82
,,,0.7896,82
,,,0.79,81.6
,,,0.7904,81.6
,,,0.7908,81.6
,,,0.7912,84.4
,,,0.7916,82.8
,,,0.792,82
,,,0.7924,82
,,,0.7928,82
,,,0.7932,82
,,,0.7936,81.2
,,,0.794,81.6
,,,0.7944,84.4
,,,0.7948,82.4
,,,0.7952,82.4
,,,0.7956,82
,,,0.796,81.6
,,,0.7964,81.6
,,,0.7968,81.2
,,,0.7972,81.6
,,,0.7976,85.2
,,,0.798,82.8
,,,0.7984,82
,,,0.7988,82
,,,0.7992,82
,,,0.7996,81.6
,,,0.8,81.6
,,,0.8004,82
,,,0.8008,86
,,,0.8012,83.2
,,,0.8016,83.2
,,,0.802,82
,,,0.8024,82
,,,0.8028,82
,,,0.8032,81.6
,,,0.8036,81.6
,,,0.804,84.8
,,,0.8044,82.8
,,,0.8048,82.4
,,,0.8052,82
,,,0.8056,82
,,,0.806,81.6
,,,0.8064,81.6
,,,0.8068,81.6
,,,0.8072,84.4
,,,0.8076,83.2
,,,0.808,82.8
,,,0.8084,82.4
,,,0.8088,82
,,,0.8092,82.4
,,,0.8096,81.6
,,,0.81,81.6
,,,0.8104,82.4
,,,0.8108,83.2
,,,0.8112,82.4
,,,0.8116,82
,,,0.812,82
,,,0.8124,82
,,,0.8128,81.6
,,,0.8132,81.2
,,,0.8136,82.4
,,,0.814,83.2
,,,0.8144,82
,,,0.8148,82.4
,,,0.8152,82
,,,0.8156,82
,,,0.816,81.6
,,,0.8164,82
,,,0.8168,81.6
,,,0.8172,83.2
,,,0.8176,82.8
,,,0.818,82
,,,0.8184,81.6
,,,0.8188,82.4
,,,0.8192,81.2
,,,0.8196,82
,,,0.82,81.6
,,,0.8204,83.6
,,,0.8208,82.8
,,,0.8212,82
,,,0.8216,82
,,,0.822,81.6
,,,0.8224,81.2
,,,0.8228,81.2
,,,0.8232,81.6
,,,0.8236,83.6
,,,0.824,82.4
,,,0.8244,82.4
,,,0.8248,82
,,,0.8252,82
,,,0.8256,81.6
,,,0.826,80.8
,,,0.8264,81.2
,,,0.8268,84
,,,0.8272,82.4
,,,0.8276,82
,,,0.828,82
,,,0.8284,82
,,,0.8288,82
,,,0.8292,81.6
,,,0.8296,82
,,,0.83,84.8
,,,0.8304,82.8
,,,0.8308,82.4
,,,0.8312,82
,,,0.8316,82
,,,0.832,81.6
,,,0.8324,81.2
,,,0.8328,81.6
,,,0.8332,84.8
,,,0.8336,82.8
,,,0.834,82
,,,0.8344,82
,,,0.8348,82
,,,0.8352,81.6
,,,0.8356,81.6
,,,0.836,82
,,,0.8364,84.8
,,,0.8368,82.8
,,,0.8372,82.4
,,,0.8376,82
,,,0.838,81.6
,,,0.8384,82
,,,0.8388,81.6
,,,0.8392,82
,,,0.8396,85.2
,,,0.84,82.8
,,,0.8404,82.4
,,,0.8408,82
,,,0.8412,82
,,,0.8416,81.6
,,,0.842,82
,,,0.8424,82.4
,,,0.8428,86
,,,0.8432,83.2
,,,0.8436,82.8
,,,0.844,82
,,,0.8444,82.4
,,,0.8448,82
,,,0.8452,81.2
,,,0.8456,82
,,,0.846,85.6
,,,0.8464,82.4
,,,0.8468,82.4
,,,0.8472,82
,,,0.8476,82.4
,,,0.848,82
,,,0.8484,81.6
,,,0.8488,82.4
,,,0.8492,86
,,,0.8496,83.2
,,,0.85,82.4
,,,0.8504,82
,,,0.8508,82
,,,0.8512,81.6
,,,0.8516,81.6
,,,0.852,82
,,,0.8524,85.6
,,,0.8528,82.8
,,,0.8532,82.8
,,,0.8536,82
,,,0.854,82
,,,0.8544,82
,,,0.8548,81.6
,,,0.8552,82
,,,0.8556,84.4
,,,0.856,82.8
,,,0.8564,82.4
,,,0.8568,82
,,,0.8572,82
,,,0.8576,82
,,,0.858,81.6
,,,0.8584,82
,,,0.8588,82.8
,,,0.8592,82.8
,,,0.8596,82
,,,0.86,82
,,,0.8604,82
,,,0.8608,82
,,,0.8612,81.6
,,,0.8616,81.6
,,,0.862,82.8
,,,0.8624,82.8
,,,0.8628,82
,,,0.8632,82
,,,0.8636,82
,,,0.864,82
,,,0.8644,81.2
,,,0.8648,81.6
,,,0.8652,82.4
,,,0.8656,83.2
,,,0.866,82.4
,,,0.8664,82
,,,0.8668,81.6
,,,0.8672,82
,,,0.8676,81.2
,,,0.868,82
,,,0.8684,82
,,,0.8688,83.2
,,,0.8692,82
,,,0.8696,82
,,,0.87,82
,,,0.8704,82
,,,0.8708,81.2
,,,0.8712,82
,,,0.8716,82.8
,,,0.872,82.8
,,,0.8724,82.8
,,,0.8728,82
,,,0.8732,82
,,,0.8736,82
,,,0.874,81.6
,,,0.8744,81.6
,,,0.8748,82.8
,,,0.8752,83.2
,,,0.8756,82.4
,,,0.876,82
,,,0.8764,82
,,,0.8768,82
,,,0.8772,81.6
,,,0.8776,81.6
,,,0.878,82.8
,,,0.8784,83.2
,,,0.8788,82.4
,,,0.8792,82
,,,0.8796,82
,,,0.88,82.4
,,,0.8804,82
,,,0.8808,82.4
,,,0.8812,82.8
,,,0.8816,83.2
,,,0.882,82.4
,,,0.8824,82
,,,0.8828,82
,,,0.8832,82
,,,0.8836,81.2
,,,0.884,81.6
,,,0.8844,82
,,,0.8848,83.6
,,,0.8852,82.8
,,,0.8856,82
,,,0.886,82
,,,0.8864,82
,,,0.8868,81.6
,,,0.8872,81.2
,,,0.8876,82
,,,0.888,84
,,,0.8884,82.8
,,,0.8888,82.8
,,,0.8892,82
,,,0.8896,82.4
,,,0.89,81.6
,,,0.8904,81.6
,,,0.8908,82
,,,0.8912,84
,,,0.8916,82.8
,,,0.892,82.4
,,,0.8924,82
,,,0.8928,82.4
,,,0.8932,81.6
,,,0.8936,81.6
,,,0.894,81.6
,,,0.8944,84.8
,,,0.8948,82.8
,,,0.8952,82
,,,0.8956,82
,,,0.896,82
,,,0.8964,82
,,,0.8968,81.6
,,,0.8972,81.6
,,,0.8976,84.4
,,,0.898,82.4
,,,0.8984,82
,,,0.8988,82
,,,0.8992,82
,,,0.8996,82
,,,0.9,81.2
,,,0.9004,82
,,,0.9008,86
,,,0.9012,82.8
,,,0.9016,82.4
,,,0.902,81.6
,,,0.9024,81.6
,,,0.9028,81.2
,,,0.9032,80.8
,,,0.9036,81.2
,,,0.904,85.6
,,,0.9044,83.2
,,,0.9048,82.8
,,,0.9052,82.4
,,,0.9056,82
,,,0.906,81.6
,,,0.9064,80.8
,,,0.9068,81.2
,,,0.9072,84
,,,0.9076,82.4
,,,0.908,82.8
,,,0.9084,82.4
,,,0.9088,82.4
,,,0.9092,82
,,,0.9096,81.2
,,,0.91,81.6
,,,0.9104,82.4
,,,0.9108,83.2
,,,0.9112,82.4
,,,0.9116,82
,,,0.912,82
,,,0.9124,82
,,,0.9128,81.2
,,,0.9132,81.2
,,,0.9136,82.4
,,,0.914,82.8
,,,0.9144,82.8
,,,0.9148,82.4
,,,0.9152,82
,,,0.9156,82
,,,0.916,81.2
,,,0.9164,81.6
,,,0.9168,82.8
,,,0.9172,83.2
,,,0.9176,82.4
,,,0.918,82
,,,0.9184,82.4
,,,0.9188,82
,,,0.9192,81.2
,,,0.9196,82
,,,0.92,82
,,,0.9204,83.2
,,,0.9208,82.8
,,,0.9212,82
,,,0.9216,82
,,,0.922,82.4
,,,0.9224,82
,,,0.9228,82
,,,0.9232,82
,,,0.9236,84.4
,,,0.924,82.4
,,,0.9244,82
,,,0.9248,82
,,,0.9252,82
,,,0.9256,81.6
,,,0.926,81.6
,,,0.9264,82
,,,0.9268,85.2
,,,0.9272,82.8
,,,0.9276,82.8
,,,0.928,82
,,,0.9284,82
,,,0.9288,81.6
,,,0.9292,81.2
,,,0.9296,81.6
,,,0.93,84.4
,,,0.9304,82.8
,,,0.9308,82.4
,,,0.9312,82
,,,0.9316,82
,,,0.932,82
,,,0.9324,80.8
,,,0.9328,81.6
,,,0.9332,84.8
,,,0.9336,82.4
,,,0.934,82.4
,,,0.9344,82
,,,0.9348,82
,,,0.9352,81.6
,,,0.9356,82
,,,0.936,82
,,,0.9364,85.6
,,,0.9368,82.8
,,,0.9372,82.4
,,,0.9376,82
,,,0.938,81.6
,,,0.9384,81.6
,,,0.9388,80.8
,,,0.9392,81.2
,,,0.9396,85.2
,,,0.94,82.8
,,,0.9404,82
,,,0.9408,82.4
,,,0.9412,82
,,,0.9416,81.6
,,,0.942,81.6
,,,0.9424,81.6
,,,0.9428,85.6
,,,0.9432,82.8
,,,0.9436,82.4
,,,0.944,82.4
,,,0.9444,82
,,,0.9448,81.6
,,,0.9452,81.6
,,,0.9456,81.6
,,,0.946,85.6
,,,0.9464,82.8
,,,0.9468,82.4
,,,0.9472,82
,,,0.9476,82
,,,0.948,82
,,,0.9484,81.6
,,,0.9488,81.6
,,,0.9492,86
,,,0.9496,82.8
,,,0.95,82
,,,0.9504,81.6
,,,0.9508,81.6
,,,0.9512,81.2
,,,0.9516,80.8
,,,0.952,82
,,,0.9524,85.6
,,,0.9528,82.8
,,,0.9532,82.4
,,,0.9536,82
,,,0.954,82
,,,0.9544,81.6
,,,0.9548,81.2
,,,0.9552,82
,,,0.9556,85.6
,,,0.956,82.8
,,,0.9564,82.4
,,,0.9568,82.4
,,,0.9572,82
,,,0.9576,82
,,,0.958,81.6
,,,0.9584,82
,,,0.9588,85.2
,,,0.9592,83.2
,,,0.9596,82.4
,,,0.96,82
,,,0.9604,82
,,,0.9608,82
,,,0.9612,81.2
,,,0.9616,82
,,,0.962,84.8
,,,0.9624,83.2
,,,0.9628,82.8
,,,0.9632,82.4
,,,0.9636,82.4
,,,0.964,82
,,,0.9644,81.2
,,,0.9648,81.6
,,,0.9652,83.2
,,,0.9656,82.8
,,,0.966,82.8
,,,0.9664,82.4
,,,0.9668,82.4
,,,0.9672,82.4
,,,0.9676,81.6
,,,0.968,82
,,,0.9684,82.4
,,,0.9688,83.2
,,,0.9692,82.4
,,,0.9696,82
,,,0.97,82
,,,0.9704,82
,,,0.9708,81.2
,,,0.9712,81.6
,,,0.9716,82.8
,,,0.972,83.2
,,,0.9724,82
,,,0.9728,82.4
,,,0.9732,82
,,,0.9736,82
,,,0.974,81.2
,,,0.9744,81.6
,,,0.9748,82
,,,0.9752,83.2
,,,0.9756,82.8
,,,0.976,82
,,,0.9764,82
,,,0.9768,82
,,,0.9772,81.2
,,,0.9776,81.6
,,,0.978,81.6
,,,0.9784,83.2
,,,0.9788,82
,,,0.9792,82
,,,0.9796,82
,,,0.98,82
,,,0.9804,81.6
,,,0.9808,81.6
,,,0.9812,82
,,,0.9816,83.2
,,,0.982,82.4
,,,0.9824,82.4
,,,0.9828,82
,,,0.9832,82
,,,0.9836,81.6
,,,0.984,81.6
,,,0.9844,82
,,,0.9848,83.2
,,,0.9852,82.8
,,,0.9856,82.4
,,,0.986,82
,,,0.9864,82
,,,0.9868,81.6
,,,0.9872,81.6
,,,0.9876,82
,,,0.988,83.2
,,,0.9884,82.4
,,,0.9888,82
,,,0.9892,82
,,,0.9896,81.6
,,,0.99,81.2
,,,0.9904,81.6
,,,0.9908,82
,,,0.9912,83.6
,,,0.9916,82.8
,,,0.992,82.4
,,,0.9924,81.6
,,,0.9928,82
,,,0.9932,81.6
,,,0.9936,81.2
,,,0.994,81.6
,,,0.9944,84.4
,,,0.9948,82.8
,,,0.9952,82.4
,,,0.9956,82
,,,0.996,82
,,,0.9964,81.6
,,,0.9968,81.6
,,,0.9972,81.6
,,,0.9976,84
,,,0.998,82.8
,,,0.9984,82.4
,,,0.9988,82
,,,0.9992,82
,,,0.9996,82
