Record Length,2.50E+03,,0,50,0,*
Sample Interval,2.00E-03,,0.002,50,0,
Trigger Point,0.00E+00,,0.004,50,0,
,,,0.006,50,0,
,,,0.008,49.6,-1.25,
,,,0.01,50,0,
Source,CH1,,0.012,50,0,
Vertical Units,V,,0.014,50,0,
Vertical Scale,1.00E+01,,0.016,50,0,
Vertical Offset,-8.12E+01,,0.018,49.6,-1.25,
Horizontal Units,s,,0.02,50,0,
Horizontal Scale,5.00E-01,,0.022,49.6,-1.25,
Pt Fmt,Y,,0.024,50,0,
Yzero,0.00E+00,,0.026,50,0,
Probe Atten,1.00E+01,,0.028,50,0,
Model Number,TDS2022B,,0.03,50,0,
Serial Number,C051976,,0.032,50,0,
Firmware Version,FV:v22.01,,0.034,50.4,1.25,
,,,0.036,50,0,
,,,0.038,50,0,
,,,0.04,50,0,
,,,0.042,49.6,-1.25,
,,,0.044,50,0,
,,,0.046,49.6,-1.25,
,,,0.048,50.4,1.25,
,,,0.05,50,0,
,,,0.052,49.6,-1.25,
,,,0.054,50,0,
,,,0.056,50,0,
,,,0.058,50,0,
,,,0.06,50,0,
,,,0.062,49.6,-1.25,
,,,0.064,50,0,
,,,0.066,50,0,
,,,0.068,50.4,1.25,
,,,0.07,50,0,
,,,0.072,50,0,
,,,0.074,50,0,
,,,0.076,49.6,-1.25,
,,,0.078,50.4,1.25,
,,,0.08,49.6,-1.25,
,,,0.082,49.6,-1.25,
,,,0.084,50,0,
,,,0.086,50,0,
,,,0.088,50,0,
,,,0.09,50,0,
,,,0.092,49.6,-1.25,
,,,0.094,50,0,
,,,0.096,50,0,
,,,0.098,50.4,1.25,
,,,0.1,50,0,
,,,0.102,50,0,
,,,0.104,50,0,
,,,0.106,50,0,
,,,0.108,50,0,
,,,0.11,50,0,
,,,0.112,49.6,-1.25,
,,,0.114,49.6,-1.25,
,,,0.116,49.6,-1.25,
,,,0.118,50,0,
,,,0.12,49.6,-1.25,
,,,0.122,50,0,
,,,0.124,50,0,
,,,0.126,50,0,
,,,0.128,49.6,-1.25,
,,,0.13,50.4,1.25,
,,,0.132,50,0,
,,,0.134,50,0,
,,,0.136,50,0,
,,,0.138,50,0,
,,,0.14,50,0,
,,,0.142,49.6,-1.25,
,,,0.144,50,0,
,,,0.146,49.6,-1.25,
,,,0.148,50.4,1.25,
,,,0.15,50,0,
,,,0.152,50,0,
,,,0.154,50.4,1.25,
,,,0.156,49.6,-1.25,
,,,0.158,50,0,
,,,0.16,49.6,-1.25,
,,,0.162,50.4,1.25,
,,,0.164,50,0,
,,,0.166,49.6,-1.25,
,,,0.168,50,0,
,,,0.17,49.6,-1.25,
,,,0.172,50.4,1.25,
,,,0.174,50,0,
,,,0.176,49.6,-1.25,
,,,0.178,50,0,
,,,0.18,50,0,
,,,0.182,50,0,
,,,0.184,50,0,
,,,0.186,49.6,-1.25,
,,,0.188,50,0,
,,,0.19,50,0,
,,,0.192,50,0,
,,,0.194,50,0,
,,,0.196,49.6,-1.25,
,,,0.198,49.6,-1.25,
,,,0.2,49.6,-1.25,
,,,0.202,50,0,
,,,0.204,50,0,
,,,0.206,49.6,-1.25,
,,,0.208,49.6,-1.25,
,,,0.21,50,0,
,,,0.212,50,0,
,,,0.214,50,0,
,,,0.216,49.6,-1.25,
,,,0.218,50,0,
,,,0.22,49.6,-1.25,
,,,0.222,50.4,1.25,
,,,0.224,50,0,
,,,0.226,49.6,-1.25,
,,,0.228,50,0,
,,,0.23,50,0,
,,,0.232,50,0,
,,,0.234,50.4,1.25,
,,,0.236,50,0,
,,,0.238,50,0,
,,,0.24,49.6,-1.25,
,,,0.242,50,0,
,,,0.244,50,0,
,,,0.246,49.6,-1.25,
,,,0.248,50,0,
,,,0.25,49.6,-1.25,
,,,0.252,49.6,-1.25,
,,,0.254,50,0,
,,,0.256,50,0,
,,,0.258,50,0,
,,,0.26,49.6,-1.25,
,,,0.262,49.6,-1.25,
,,,0.264,50,0,
,,,0.266,50,0,
,,,0.268,50,0,
,,,0.27,50,0,
,,,0.272,50,0,
,,,0.274,50,0,
,,,0.276,50,0,
,,,0.278,50,0,
,,,0.28,50,0,
,,,0.282,50,0,
,,,0.284,50,0,
,,,0.286,50,0,
,,,0.288,50.4,1.25,
,,,0.29,50,0,
,,,0.292,50,0,
,,,0.294,50,0,
,,,0.296,50,0,
,,,0.298,50,0,
,,,0.3,49.6,-1.25,
,,,0.302,49.6,-1.25,
,,,0.304,49.6,-1.25,
,,,0.306,50,0,
,,,0.308,50.4,1.25,
,,,0.31,49.6,-1.25,
,,,0.312,50,0,
,,,0.314,50,0,
,,,0.316,50,0,
,,,0.318,49.6,-1.25,
,,,0.32,49.6,-1.25,
,,,0.322,50,0,
,,,0.324,50,0,
,,,0.326,50,0,
,,,0.328,50,0,
,,,0.33,49.6,-1.25,
,,,0.332,50,0,
,,,0.334,50,0,
,,,0.336,50,0,
,,,0.338,50,0,
,,,0.34,49.6,-1.25,
,,,0.342,50,0,
,,,0.344,50,0,
,,,0.346,50.4,1.25,
,,,0.348,50,0,
,,,0.35,49.6,-1.25,
,,,0.352,49.6,-1.25,
,,,0.354,50,0,
,,,0.356,50,0,
,,,0.358,50,0,
,,,0.36,50,0,
,,,0.362,50,0,
,,,0.364,50,0,
,,,0.366,50,0,
,,,0.368,50,0,
,,,0.37,50,0,
,,,0.372,50,0,
,,,0.374,49.6,-1.25,
,,,0.376,50,0,
,,,0.378,50,0,
,,,0.38,50,0,
,,,0.382,50,0,
,,,0.384,49.6,-1.25,
,,,0.386,50,0,
,,,0.388,50,0,
,,,0.39,50,0,
,,,0.392,50.4,1.25,
,,,0.394,49.6,-1.25,
,,,0.396,50,0,
,,,0.398,50,0,
,,,0.4,50.4,1.25,
,,,0.402,49.6,-1.25,
,,,0.404,49.6,-1.25,
,,,0.406,50,0,
,,,0.408,50,0,
,,,0.41,50,0,
,,,0.412,50,0,
,,,0.414,50,0,
,,,0.416,50,0,
,,,0.418,50,0,
,,,0.42,50,0,
,,,0.422,50,0,
,,,0.424,49.6,-1.25,
,,,0.426,50,0,
,,,0.428,50,0,
,,,0.43,50,0,
,,,0.432,50,0,
,,,0.434,50,0,
,,,0.436,49.6,-1.25,
,,,0.438,49.6,-1.25,
,,,0.44,50,0,
,,,0.442,50,0,
,,,0.444,50,0,
,,,0.446,50,0,
,,,0.448,49.6,-1.25,
,,,0.45,49.6,-1.25,
,,,0.452,50,0,
,,,0.454,50.4,1.25,
,,,0.456,50,0,
,,,0.458,49.6,-1.25,
,,,0.46,50,0,
,,,0.462,50,0,
,,,0.464,50,0,
,,,0.466,50,0,
,,,0.468,50,0,
,,,0.47,50,0,
,,,0.472,50,0,
,,,0.474,50,0,
,,,0.476,50,0,
,,,0.478,50,0,
,,,0.48,50,0,
,,,0.482,50,0,
,,,0.484,50,0,
,,,0.486,50,0,
,,,0.488,49.6,-1.25,
,,,0.49,50,0,
,,,0.492,50,0,
,,,0.494,50.4,1.25,
,,,0.496,50,0,
,,,0.498,49.6,-1.25,
,,,0.5,50,0,
,,,0.502,50,0,
,,,0.504,50,0,
,,,0.506,50,0,
,,,0.508,49.6,-1.25,
,,,0.51,50.4,1.25,
,,,0.512,50,0,
,,,0.514,50.4,1.25,
,,,0.516,50,0,
,,,0.518,49.6,-1.25,
,,,0.52,50,0,
,,,0.522,50,0,
,,,0.524,50,0,
,,,0.526,50,0,
,,,0.528,50,0,
,,,0.53,50,0,
,,,0.532,50,0,
,,,0.534,50,0,
,,,0.536,50,0,
,,,0.538,49.6,-1.25,
,,,0.54,50,0,
,,,0.542,50,0,
,,,0.544,50,0,
,,,0.546,50,0,
,,,0.548,50,0,
,,,0.55,50,0,
,,,0.552,49.6,-1.25,
,,,0.554,50,0,
,,,0.556,50,0,
,,,0.558,50,0,
,,,0.56,50,0,
,,,0.562,50,0,
,,,0.564,49.6,-1.25,
,,,0.566,50,0,
,,,0.568,50,0,
,,,0.57,50,0,
,,,0.572,50,0,
,,,0.574,49.6,-1.25,
,,,0.576,50,0,
,,,0.578,50.4,1.25,
,,,0.58,50,0,
,,,0.582,49.6,-1.25,
,,,0.584,50,0,
,,,0.586,50,0,
,,,0.588,50,0,
,,,0.59,50,0,
,,,0.592,50,0,
,,,0.594,50,0,
,,,0.596,50.4,1.25,
,,,0.598,50,0,
,,,0.6,50.4,1.25,
,,,0.602,49.6,-1.25,
,,,0.604,50,0,
,,,0.606,50,0,
,,,0.608,50,0,
,,,0.61,50,0,
,,,0.612,50,0,
,,,0.614,50,0,
,,,0.616,49.6,-1.25,
,,,0.618,50.4,1.25,
,,,0.62,50,0,
,,,0.622,50,0,
,,,0.624,50,0,
,,,0.626,50,0,
,,,0.628,50,0,
,,,0.63,50,0,
,,,0.632,49.6,-1.25,
,,,0.634,50,0,
,,,0.636,50,0,
,,,0.638,50,0,
,,,0.64,50,0,
,,,0.642,49.6,-1.25,
,,,0.644,50,0,
,,,0.646,50,0,
,,,0.648,50,0,
,,,0.65,50,0,
,,,0.652,49.6,-1.25,
,,,0.654,50,0,
,,,0.656,50,0,
,,,0.658,50,0,
,,,0.66,50,0,
,,,0.662,50,0,
,,,0.664,49.6,-1.25,
,,,0.666,50,0,
,,,0.668,50.4,1.25,
,,,0.67,50,0,
,,,0.672,50,0,
,,,0.674,50,0,
,,,0.676,50,0,
,,,0.678,50,0,
,,,0.68,50,0,
,,,0.682,50,0,
,,,0.684,50,0,
,,,0.686,49.6,-1.25,
,,,0.688,50,0,
,,,0.69,50,0,
,,,0.692,50.4,1.25,
,,,0.694,50,0,
,,,0.696,50,0,
,,,0.698,50,0,
,,,0.7,50,0,
,,,0.702,50,0,
,,,0.704,50,0,
,,,0.706,49.6,-1.25,
,,,0.708,50,0,
,,,0.71,50,0,
,,,0.712,50.4,1.25,
,,,0.714,50.4,1.25,
,,,0.716,49.6,-1.25,
,,,0.718,50,0,
,,,0.72,50,0,
,,,0.722,50,0,
,,,0.724,50,0,
,,,0.726,50,0,
,,,0.728,50,0,
,,,0.73,50,0,
,,,0.732,50.4,1.25,
,,,0.734,50.4,1.25,
,,,0.736,50,0,
,,,0.738,50,0,
,,,0.74,50.4,1.25,
,,,0.742,50,0,
,,,0.744,50,0,
,,,0.746,50,0,
,,,0.748,50,0,
,,,0.75,50,0,
,,,0.752,50,0,
,,,0.754,50,0,
,,,0.756,49.6,-1.25,
,,,0.758,50.4,1.25,
,,,0.76,50,0,
,,,0.762,50.4,1.25,
,,,0.764,50,0,
,,,0.766,50,0,
,,,0.768,50.4,1.25,
,,,0.77,50,0,
,,,0.772,50,0,
,,,0.774,50,0,
,,,0.776,49.6,-1.25,
,,,0.778,50,0,
,,,0.78,50,0,
,,,0.782,50,0,
,,,0.784,50,0,
,,,0.786,49.6,-1.25,
,,,0.788,50.4,1.25,
,,,0.79,49.6,-1.25,
,,,0.792,50.4,1.25,
,,,0.794,50,0,
,,,0.796,50.4,1.25,
,,,0.798,50,0,
,,,0.8,50,0,
,,,0.802,49.6,-1.25,
,,,0.804,50,0,
,,,0.806,50.4,1.25,
,,,0.808,50,0,
,,,0.81,49.6,-1.25,
,,,0.812,49.6,-1.25,
,,,0.814,49.6,-1.25,
,,,0.816,50,0,
,,,0.818,50,0,
,,,0.82,49.6,-1.25,
,,,0.822,50,0,
,,,0.824,49.6,-1.25,
,,,0.826,50,0,
,,,0.828,50,0,
,,,0.83,49.6,-1.25,
,,,0.832,50,0,
,,,0.834,50,0,
,,,0.836,50,0,
,,,0.838,50,0,
,,,0.84,50,0,
,,,0.842,50,0,
,,,0.844,49.6,-1.25,
,,,0.846,50,0,
,,,0.848,50,0,
,,,0.85,50,0,
,,,0.852,50.4,1.25,
,,,0.854,50,0,
,,,0.856,50,0,
,,,0.858,50,0,
,,,0.86,50,0,
,,,0.862,50,0,
,,,0.864,49.6,-1.25,
,,,0.866,50,0,
,,,0.868,50,0,
,,,0.87,50,0,
,,,0.872,50,0,
,,,0.874,50,0,
,,,0.876,50,0,
,,,0.878,50,0,
,,,0.88,50,0,
,,,0.882,50,0,
,,,0.884,50.4,1.25,
,,,0.886,50,0,
,,,0.888,50.4,1.25,
,,,0.89,50,0,
,,,0.892,50,0,
,,,0.894,49.6,-1.25,
,,,0.896,50.4,1.25,
,,,0.898,50,0,
,,,0.9,50,0,
,,,0.902,50,0,
,,,0.904,49.6,-1.25,
,,,0.906,50.4,1.25,
,,,0.908,50,0,
,,,0.91,50.4,1.25,
,,,0.912,50,0,
,,,0.914,49.6,-1.25,
,,,0.916,50,0,
,,,0.918,50.4,1.25,
,,,0.92,50.4,1.25,
,,,0.922,50,0,
,,,0.924,49.6,-1.25,
,,,0.926,50.4,1.25,
,,,0.928,50,0,
,,,0.93,50.4,1.25,
,,,0.932,50.4,1.25,
,,,0.934,50,0,
,,,0.936,50,0,
,,,0.938,50,0,
,,,0.94,50.8,2.5,
,,,0.942,50.4,1.25,
,,,0.944,54.8,15,
,,,0.946,62.8,40,
,,,0.948,69.2,60,
,,,0.95,75.6,80,
,,,0.952,81.2,97.5,
,,,0.954,85.6,111.25,
,,,0.956,85.2,110,
,,,0.958,89.2,122.5,
,,,0.96,92,131.25,
,,,0.962,93.6,136.25,
,,,0.964,96.4,145,
,,,0.966,97.6,148.75,
,,,0.968,99.6,155,
,,,0.97,99.2,153.75,
,,,0.972,99.6,155,
,,,0.974,100.4,157.5,
,,,0.976,98,150,
,,,0.978,92.4,132.5,
,,,0.98,85.2,110,
,,,0.982,76.8,83.75,
,,,0.984,76.8,83.75,
,,,0.986,70.4,63.75,
,,,0.988,67.6,55,
,,,0.99,69.2,60,
,,,0.992,73.6,73.75,
,,,0.994,78.4,88.75,
,,,0.996,83.2,103.75,
,,,0.998,82.8,102.5,
,,,1,87.2,116.25,
,,,1.002,90.8,127.5,
,,,1.004,92.4,132.5,
,,,1.006,94.4,138.75,
,,,1.008,94.8,140,
,,,1.01,92,131.25,
,,,1.012,91.6,130,
,,,1.014,85.6,111.25,
,,,1.016,78.4,88.75,
,,,1.018,71.6,67.5,
,,,1.02,68.8,58.75,
,,,1.022,69.2,60,
,,,1.024,72.4,70,
,,,1.026,72.8,71.25,
,,,1.028,77.2,85,
,,,1.03,78.4,88.75,
,,,1.032,85.2,110,
,,,1.034,89.2,122.5,
,,,1.036,92.4,132.5,
,,,1.038,94.4,138.75,
,,,1.04,93.6,136.25,
,,,1.042,94.4,138.75,
,,,1.044,91.2,128.75,
,,,1.046,86,112.5,
,,,1.048,80,93.75,
,,,1.05,73.6,73.75,
,,,1.052,70,62.5,
,,,1.054,69.6,61.25,
,,,1.056,69.2,60,
,,,1.058,73.6,73.75,
,,,1.06,78,87.5,
,,,1.062,82.4,101.25,
,,,1.064,87.6,117.5,
,,,1.066,90.4,126.25,
,,,1.068,92.4,132.5,
,,,1.07,93.2,135,
,,,1.072,94,137.5,
,,,1.074,91.2,128.75,
,,,1.076,88.4,120,
,,,1.078,80.8,96.25,
,,,1.08,74.4,76.25,
,,,1.082,70,62.5,
,,,1.084,70,62.5,
,,,1.086,69.6,61.25,
,,,1.088,72.4,70,
,,,1.09,76.8,83.75,
,,,1.092,81.6,98.75,
,,,1.094,86,112.5,
,,,1.096,89.2,122.5,
,,,1.098,89.2,122.5,
,,,1.1,92,131.25,
,,,1.102,93.6,136.25,
,,,1.104,93.6,136.25,
,,,1.106,89.6,123.75,
,,,1.108,83.2,103.75,
,,,1.11,76.8,83.75,
,,,1.112,76.8,83.75,
,,,1.114,70.8,65,
,,,1.116,68.4,57.5,
,,,1.118,70,62.5,
,,,1.12,74,75,
,,,1.122,78.4,88.75,
,,,1.124,83.6,105,
,,,1.126,84,106.25,
,,,1.128,87.6,117.5,
,,,1.13,90.4,126.25,
,,,1.132,93.2,135,
,,,1.134,93.2,135,
,,,1.136,91.2,128.75,
,,,1.138,88,118.75,
,,,1.14,87.6,117.5,
,,,1.142,81.6,98.75,
,,,1.144,75.6,80,
,,,1.146,70.8,65,
,,,1.148,69.6,61.25,
,,,1.15,72,68.75,
,,,1.152,76.8,83.75,
,,,1.154,77.2,85,
,,,1.156,81.6,98.75,
,,,1.158,86,112.5,
,,,1.16,89.6,123.75,
,,,1.162,92.4,132.5,
,,,1.164,93.2,135,
,,,1.166,92.4,132.5,
,,,1.168,92,131.25,
,,,1.17,88,118.75,
,,,1.172,81.6,98.75,
,,,1.174,75.2,78.75,
,,,1.176,69.2,60,
,,,1.178,68.8,58.75,
,,,1.18,70.8,65,
,,,1.182,71.2,66.25,
,,,1.184,75.6,80,
,,,1.186,80.4,95,
,,,1.188,84.8,108.75,
,,,1.19,88,118.75,
,,,1.192,91.2,128.75,
,,,1.194,93.2,135,
,,,1.196,93.2,135,
,,,1.198,93.2,135,
,,,1.2,91.2,128.75,
,,,1.202,86,112.5,
,,,1.204,78.4,88.75,
,,,1.206,73.2,72.5,
,,,1.208,69.2,60,
,,,1.21,69.2,60,
,,,1.212,69.2,60,
,,,1.214,72.8,71.25,
,,,1.216,77.6,86.25,
,,,1.218,82.8,102.5,
,,,1.22,86.4,113.75,
,,,1.222,89.6,123.75,
,,,1.224,89.6,123.75,
,,,1.226,92,131.25,
,,,1.228,93.6,136.25,
,,,1.23,92.8,133.75,
,,,1.232,88.8,121.25,
,,,1.234,83.2,103.75,
,,,1.236,76.4,82.5,
,,,1.238,76.4,82.5,
,,,1.24,71.2,66.25,
,,,1.242,68.8,58.75,
,,,1.244,70.8,65,
,,,1.246,74.8,77.5,
,,,1.248,79.6,92.5,
,,,1.25,84.8,108.75,
,,,1.252,84.4,107.5,
,,,1.254,87.6,117.5,
,,,1.256,91.6,130,
,,,1.258,93.6,136.25,
,,,1.26,93.2,135,
,,,1.262,91.2,128.75,
,,,1.264,86,112.5,
,,,1.266,85.6,111.25,
,,,1.268,78.8,90,
,,,1.27,72.4,70,
,,,1.272,69.2,60,
,,,1.274,68.8,58.75,
,,,1.276,72.8,71.25,
,,,1.278,77.6,86.25,
,,,1.28,77.2,85,
,,,1.282,82,100,
,,,1.284,86,112.5,
,,,1.286,89.2,122.5,
,,,1.288,92,131.25,
,,,1.29,94.4,138.75,
,,,1.292,94,137.5,
,,,1.294,93.6,136.25,
,,,1.296,90.8,127.5,
,,,1.298,84,106.25,
,,,1.3,77.2,85,
,,,1.302,70.8,65,
,,,1.304,67.6,55,
,,,1.306,69.2,60,
,,,1.308,69.2,60,
,,,1.31,73.6,73.75,
,,,1.312,78.8,90,
,,,1.314,83.6,105,
,,,1.316,86.4,113.75,
,,,1.318,90.4,126.25,
,,,1.32,93.2,135,
,,,1.322,92.4,132.5,
,,,1.324,94.4,138.75,
,,,1.326,93.2,135,
,,,1.328,90,125,
,,,1.33,82.8,102.5,
,,,1.332,76.4,82.5,
,,,1.334,70.8,65,
,,,1.336,70.8,65,
,,,1.338,68,56.25,
,,,1.34,70.4,63.75,
,,,1.342,74.8,77.5,
,,,1.344,79.2,91.25,
,,,1.346,84,106.25,
,,,1.348,88,118.75,
,,,1.35,87.6,117.5,
,,,1.352,91.2,128.75,
,,,1.354,94,137.5,
,,,1.356,94.4,138.75,
,,,1.358,91.2,128.75,
,,,1.36,86.4,113.75,
,,,1.362,80,93.75,
,,,1.364,80,93.75,
,,,1.366,73.2,72.5,
,,,1.368,70,62.5,
,,,1.37,69.2,60,
,,,1.372,72.4,70,
,,,1.374,77.6,86.25,
,,,1.376,82,100,
,,,1.378,81.6,98.75,
,,,1.38,86,112.5,
,,,1.382,89.6,123.75,
,,,1.384,92.8,133.75,
,,,1.386,94,137.5,
,,,1.388,92.8,133.75,
,,,1.39,89.6,123.75,
,,,1.392,89.6,123.75,
,,,1.394,82.8,102.5,
,,,1.396,76.4,82.5,
,,,1.398,70.4,63.75,
,,,1.4,68.4,57.5,
,,,1.402,70.4,63.75,
,,,1.404,74.4,76.25,
,,,1.406,74,75,
,,,1.408,79.6,92.5,
,,,1.41,84,106.25,
,,,1.412,87.6,117.5,
,,,1.414,90.4,126.25,
,,,1.416,93.2,135,
,,,1.418,93.6,136.25,
,,,1.42,93.2,135,
,,,1.422,91.2,128.75,
,,,1.424,87.6,117.5,
,,,1.426,81.6,98.75,
,,,1.428,74.8,77.5,
,,,1.43,70.8,65,
,,,1.432,69.6,61.25,
,,,1.434,69.2,60,
,,,1.436,72.8,71.25,
,,,1.438,77.2,85,
,,,1.44,81.6,98.75,
,,,1.442,86.4,113.75,
,,,1.444,90,125,
,,,1.446,92.4,132.5,
,,,1.448,92.4,132.5,
,,,1.45,93.6,136.25,
,,,1.452,92.4,132.5,
,,,1.454,88.4,120,
,,,1.456,81.2,97.5,
,,,1.458,75.2,78.75,
,,,1.46,70,62.5,
,,,1.462,70,62.5,
,,,1.464,68.8,58.75,
,,,1.466,71.2,66.25,
,,,1.468,75.6,80,
,,,1.47,80.4,95,
,,,1.472,84.8,108.75,
,,,1.474,88,118.75,
,,,1.476,88.8,121.25,
,,,1.478,91.6,130,
,,,1.48,94,137.5,
,,,1.482,94,137.5,
,,,1.484,90.4,126.25,
,,,1.486,85.6,111.25,
,,,1.488,78.4,88.75,
,,,1.49,78,87.5,
,,,1.492,72.4,70,
,,,1.494,69.2,60,
,,,1.496,69.2,60,
,,,1.498,73.6,73.75,
,,,1.5,77.6,86.25,
,,,1.502,82.4,101.25,
,,,1.504,82.8,102.5,
,,,1.506,86.4,113.75,
,,,1.508,90.4,126.25,
,,,1.51,92.4,132.5,
,,,1.512,94,137.5,
,,,1.514,93.6,136.25,
,,,1.516,89.2,122.5,
,,,1.518,83.2,103.75,
,,,1.52,83.2,103.75,
,,,1.522,76.4,82.5,
,,,1.524,70.4,63.75,
,,,1.526,68.8,58.75,
,,,1.528,70.4,63.75,
,,,1.53,74.4,76.25,
,,,1.532,79.6,92.5,
,,,1.534,79.6,92.5,
,,,1.536,84,106.25,
,,,1.538,88,118.75,
,,,1.54,91.2,128.75,
,,,1.542,94,137.5,
,,,1.544,93.6,136.25,
,,,1.546,91.2,128.75,
,,,1.548,92,131.25,
,,,1.55,87.2,116.25,
,,,1.552,79.6,92.5,
,,,1.554,73.6,73.75,
,,,1.556,69.6,61.25,
,,,1.558,69.2,60,
,,,1.56,72.8,71.25,
,,,1.562,72.4,70,
,,,1.564,76.8,83.75,
,,,1.566,82,100,
,,,1.568,86,112.5,
,,,1.57,89.6,123.75,
,,,1.572,92.8,133.75,
,,,1.574,93.6,136.25,
,,,1.576,94.4,138.75,
,,,1.578,94,137.5,
,,,1.58,89.6,123.75,
,,,1.582,83.6,105,
,,,1.584,76.8,83.75,
,,,1.586,70.4,63.75,
,,,1.588,68,56.25,
,,,1.59,68,56.25,
,,,1.592,69.2,60,
,,,1.594,74,75,
,,,1.596,78.4,88.75,
,,,1.598,83.6,105,
,,,1.6,86.8,115,
,,,1.602,90,125,
,,,1.604,90.8,127.5,
,,,1.606,92.8,133.75,
,,,1.608,94,137.5,
,,,1.61,94,137.5,
,,,1.612,88.8,121.25,
,,,1.614,83.2,103.75,
,,,1.616,76.4,82.5,
,,,1.618,76.4,82.5,
,,,1.62,70.4,63.75,
,,,1.622,68.4,57.5,
,,,1.624,70,62.5,
,,,1.626,70.8,65,
,,,1.628,78,87.5,
,,,1.63,83.2,103.75,
,,,1.632,87.6,117.5,
,,,1.634,87.6,117.5,
,,,1.636,90,125,
,,,1.638,93.6,136.25,
,,,1.64,94.8,140,
,,,1.642,94.4,138.75,
,,,1.644,90.4,126.25,
,,,1.646,84.4,107.5,
,,,1.648,84,106.25,
,,,1.65,76.8,83.75,
,,,1.652,70.8,65,
,,,1.654,68,56.25,
,,,1.656,69.6,61.25,
,,,1.658,74,75,
,,,1.66,78.4,88.75,
,,,1.662,78.8,90,
,,,1.664,83.2,103.75,
,,,1.666,88,118.75,
,,,1.668,90.8,127.5,
,,,1.67,93.2,135,
,,,1.672,94.4,138.75,
,,,1.674,93.2,135,
,,,1.676,92.4,132.5,
,,,1.678,88.4,120,
,,,1.68,82,100,
,,,1.682,75.2,78.75,
,,,1.684,70,62.5,
,,,1.686,68.8,58.75,
,,,1.688,70.8,65,
,,,1.69,71.2,66.25,
,,,1.692,75.6,80,
,,,1.694,80.8,96.25,
,,,1.696,84.4,107.5,
,,,1.698,87.6,117.5,
,,,1.7,91.2,128.75,
,,,1.702,93.6,136.25,
,,,1.704,93.6,136.25,
,,,1.706,94,137.5,
,,,1.708,91.6,130,
,,,1.71,86.4,113.75,
,,,1.712,80,93.75,
,,,1.714,73.6,73.75,
,,,1.716,69.6,61.25,
,,,1.718,69.6,61.25,
,,,1.72,69.6,61.25,
,,,1.722,72.8,71.25,
,,,1.724,78,87.5,
,,,1.726,82.4,101.25,
,,,1.728,86.8,115,
,,,1.73,90,125,
,,,1.732,89.6,123.75,
,,,1.734,92,131.25,
,,,1.736,93.6,136.25,
,,,1.738,92.4,132.5,
,,,1.74,88.4,120,
,,,1.742,82.4,101.25,
,,,1.744,76,81.25,
,,,1.746,76.4,82.5,
,,,1.748,70.8,65,
,,,1.75,68.8,58.75,
,,,1.752,71.2,66.25,
,,,1.754,75.2,78.75,
,,,1.756,80.4,95,
,,,1.758,84.8,108.75,
,,,1.76,84.4,107.5,
,,,1.762,88.8,121.25,
,,,1.764,91.2,128.75,
,,,1.766,93.6,136.25,
,,,1.768,93.6,136.25,
,,,1.77,90.8,127.5,
,,,1.772,84.8,108.75,
,,,1.774,85.6,111.25,
,,,1.776,77.6,86.25,
,,,1.778,71.2,66.25,
,,,1.78,68.4,57.5,
,,,1.782,68.8,58.75,
,,,1.784,72.4,70,
,,,1.786,77.6,86.25,
,,,1.788,77.6,86.25,
,,,1.79,82.8,102.5,
,,,1.792,86,112.5,
,,,1.794,89.2,122.5,
,,,1.796,92.4,132.5,
,,,1.798,94.4,138.75,
,,,1.8,93.2,135,
,,,1.802,94.4,138.75,
,,,1.804,90,125,
,,,1.806,84,106.25,
,,,1.808,77.2,85,
,,,1.81,71.2,66.25,
,,,1.812,68,56.25,
,,,1.814,69.6,61.25,
,,,1.816,69.2,60,
,,,1.818,73.6,73.75,
,,,1.82,78.4,88.75,
,,,1.822,82.8,102.5,
,,,1.824,87.6,117.5,
,,,1.826,90.4,126.25,
,,,1.828,92,131.25,
,,,1.83,92.8,133.75,
,,,1.832,94.4,138.75,
,,,1.834,92,131.25,
,,,1.836,88.4,120,
,,,1.838,83.2,103.75,
,,,1.84,76,81.25,
,,,1.842,71.2,66.25,
,,,1.844,71.2,66.25,
,,,1.846,69.2,60,
,,,1.848,71.2,66.25,
,,,1.85,75.6,80,
,,,1.852,80.4,95,
,,,1.854,84.8,108.75,
,,,1.856,88.4,120,
,,,1.858,88.8,121.25,
,,,1.86,91.6,130,
,,,1.862,93.6,136.25,
,,,1.864,94.4,138.75,
,,,1.866,90,125,
,,,1.868,84.8,108.75,
,,,1.87,77.2,85,
,,,1.872,77.2,85,
,,,1.874,70.8,65,
,,,1.876,68.4,57.5,
,,,1.878,69.2,60,
,,,1.88,72.4,70,
,,,1.882,78,87.5,
,,,1.884,82,100,
,,,1.886,82.4,101.25,
,,,1.888,86.4,113.75,
,,,1.89,89.6,123.75,
,,,1.892,92.8,133.75,
,,,1.894,94.4,138.75,
,,,1.896,93.6,136.25,
,,,1.898,90.8,127.5,
,,,1.9,90.8,127.5,
,,,1.902,84.4,107.5,
,,,1.904,77.6,86.25,
,,,1.906,71.2,66.25,
,,,1.908,68,56.25,
,,,1.91,69.2,60,
,,,1.912,73.6,73.75,
,,,1.914,73.6,73.75,
,,,1.916,78.4,88.75,
,,,1.918,82.8,102.5,
,,,1.92,86.8,115,
,,,1.922,90,125,
,,,1.924,92.4,132.5,
,,,1.926,94,137.5,
,,,1.928,93.6,136.25,
,,,1.93,92.4,132.5,
,,,1.932,89.6,123.75,
,,,1.934,83.6,105,
,,,1.936,76.4,82.5,
,,,1.938,71.6,67.5,
,,,1.94,68.8,58.75,
,,,1.942,68.8,58.75,
,,,1.944,71.2,66.25,
,,,1.946,74.8,77.5,
,,,1.948,80,93.75,
,,,1.95,84.4,107.5,
,,,1.952,87.6,117.5,
,,,1.954,91.2,128.75,
,,,1.956,91.6,130,
,,,1.958,93.2,135,
,,,1.96,93.6,136.25,
,,,1.962,91.2,128.75,
,,,1.964,86,112.5,
,,,1.966,78.8,90,
,,,1.968,72.8,71.25,
,,,1.97,72.8,71.25,
,,,1.972,68.8,58.75,
,,,1.974,69.2,60,
,,,1.976,72,68.75,
,,,1.978,77.2,85,
,,,1.98,81.6,98.75,
,,,1.982,86.4,113.75,
,,,1.984,86,112.5,
,,,1.986,89.2,122.5,
,,,1.988,92,131.25,
,,,1.99,94,137.5,
,,,1.992,93.2,135,
,,,1.994,90.4,126.25,
,,,1.996,84,106.25,
,,,1.998,84,106.25,
,,,2,77.2,85,
,,,2.002,71.2,66.25,
,,,2.004,68,56.25,
,,,2.006,69.2,60,
,,,2.008,73.2,72.5,
,,,2.01,78.4,88.75,
,,,2.012,78.4,88.75,
,,,2.014,82.8,102.5,
,,,2.016,87.6,117.5,
,,,2.018,90,125,
,,,2.02,92,131.25,
,,,2.022,93.6,136.25,
,,,2.024,93.2,135,
,,,2.026,92,131.25,
,,,2.028,89.6,123.75,
,,,2.03,83.2,103.75,
,,,2.032,76.4,82.5,
,,,2.034,71.2,66.25,
,,,2.036,69.2,60,
,,,2.038,70.4,63.75,
,,,2.04,70.4,63.75,
,,,2.042,75.2,78.75,
,,,2.044,80.4,95,
,,,2.046,84,106.25,
,,,2.048,88,118.75,
,,,2.05,91.2,128.75,
,,,2.052,94,137.5,
,,,2.054,93.2,135,
,,,2.056,93.2,135,
,,,2.058,91.2,128.75,
,,,2.06,85.2,110,
,,,2.062,78.4,88.75,
,,,2.064,72.4,70,
,,,2.066,68.8,58.75,
,,,2.068,69.2,60,
,,,2.07,69.2,60,
,,,2.072,73.2,72.5,
,,,2.074,78,87.5,
,,,2.076,82,100,
,,,2.078,86.4,113.75,
,,,2.08,90,125,
,,,2.082,89.6,123.75,
,,,2.084,92.4,132.5,
,,,2.086,94,137.5,
,,,2.088,92.8,133.75,
,,,2.09,89.2,122.5,
,,,2.092,83.6,105,
,,,2.094,76,81.25,
,,,2.096,76.4,82.5,
,,,2.098,70.8,65,
,,,2.1,68.8,58.75,
,,,2.102,70,62.5,
,,,2.104,74.4,76.25,
,,,2.106,79.6,92.5,
,,,2.108,84.4,107.5,
,,,2.11,84,106.25,
,,,2.112,88,118.75,
,,,2.114,90.8,127.5,
,,,2.116,92.8,133.75,
,,,2.118,93.6,136.25,
,,,2.12,92,131.25,
,,,2.122,86.8,115,
,,,2.124,87.2,116.25,
,,,2.126,80.8,96.25,
,,,2.128,74.8,77.5,
,,,2.13,70.4,63.75,
,,,2.132,69.2,60,
,,,2.134,73.2,72.5,
,,,2.136,77.2,85,
,,,2.138,77.2,85,
,,,2.14,82.4,101.25,
,,,2.142,86.4,113.75,
,,,2.144,90,125,
,,,2.146,93.2,135,
,,,2.148,93.6,136.25,
,,,2.15,92,131.25,
,,,2.152,92.8,133.75,
,,,2.154,88.4,120,
,,,2.156,81.6,98.75,
,,,2.158,75.2,78.75,
,,,2.16,70,62.5,
,,,2.162,68.8,58.75,
,,,2.164,71.2,66.25,
,,,2.166,70.8,65,
,,,2.168,75.6,80,
,,,2.17,80.8,96.25,
,,,2.172,84.8,108.75,
,,,2.174,88.8,121.25,
,,,2.176,91.6,130,
,,,2.178,93.2,135,
,,,2.18,93.6,136.25,
,,,2.182,94,137.5,
,,,2.184,90.8,127.5,
,,,2.186,86,112.5,
,,,2.188,78,87.5,
,,,2.19,72.4,70,
,,,2.192,68.8,58.75,
,,,2.194,68.4,57.5,
,,,2.196,69.2,60,
,,,2.198,72.8,71.25,
,,,2.2,77.6,86.25,
,,,2.202,82.4,101.25,
,,,2.204,86.8,115,
,,,2.206,89.2,122.5,
,,,2.208,89.6,123.75,
,,,2.21,92,131.25,
,,,2.212,93.2,135,
,,,2.214,93.6,136.25,
,,,2.216,90,125,
,,,2.218,83.6,105,
,,,2.22,77.2,85,
,,,2.222,68.8,58.75,
,,,2.224,69.2,60,
,,,2.226,68.8,58.75,
,,,2.228,70.4,63.75,
,,,2.23,74.8,77.5,
,,,2.232,79.2,91.25,
,,,2.234,83.6,105,
,,,2.236,88,118.75,
,,,2.238,88,118.75,
,,,2.24,91.2,128.75,
,,,2.242,93.2,135,
,,,2.244,94.4,138.75,
,,,2.246,91.6,130,
,,,2.248,87.6,117.5,
,,,2.25,81.6,98.75,
,,,2.252,81.6,98.75,
,,,2.254,74.4,76.25,
,,,2.256,70,62.5,
,,,2.258,70,62.5,
,,,2.26,72,68.75,
,,,2.262,77.2,85,
,,,2.264,81.6,98.75,
,,,2.266,81.6,98.75,
,,,2.268,85.6,111.25,
,,,2.27,89.2,122.5,
,,,2.272,92,131.25,
,,,2.274,93.2,135,
,,,2.276,93.2,135,
,,,2.278,89.6,123.75,
,,,2.28,90,125,
,,,2.282,83.2,103.75,
,,,2.284,76.4,82.5,
,,,2.286,70.4,63.75,
,,,2.288,68,56.25,
,,,2.29,69.2,60,
,,,2.292,74,75,
,,,2.294,74,75,
,,,2.296,78.4,88.75,
,,,2.298,83.6,105,
,,,2.3,86.8,115,
,,,2.302,90,125,
,,,2.304,92.8,133.75,
,,,2.306,94.4,138.75,
,,,2.308,94,137.5,
,,,2.31,93.6,136.25,
,,,2.312,89.2,122.5,
,,,2.314,84,106.25,
,,,2.316,76,81.25,
,,,2.318,70.8,65,
,,,2.32,68.4,57.5,
,,,2.322,68,56.25,
,,,2.324,70,62.5,
,,,2.326,74.4,76.25,
,,,2.328,79.6,92.5,
,,,2.33,84,106.25,
,,,2.332,88.4,120,
,,,2.334,91.2,128.75,
,,,2.336,90.8,127.5,
,,,2.338,93.2,135,
,,,2.34,94,137.5,
,,,2.342,91.2,128.75,
,,,2.344,87.2,116.25,
,,,2.346,81.6,98.75,
,,,2.348,74.4,76.25,
,,,2.35,74.8,77.5,
,,,2.352,70.4,63.75,
,,,2.354,70,62.5,
,,,2.356,73.2,72.5,
,,,2.358,77.6,86.25,
,,,2.36,82.8,102.5,
,,,2.362,86,112.5,
,,,2.364,86,112.5,
,,,2.366,90,125,
,,,2.368,92.8,133.75,
,,,2.37,93.6,136.25,
,,,2.372,92.4,132.5,
,,,2.374,88,118.75,
,,,2.376,81.6,98.75,
,,,2.378,81.2,97.5,
,,,2.38,74,75,
,,,2.382,70,62.5,
,,,2.384,68,56.25,
,,,2.386,70.4,63.75,
,,,2.388,76,81.25,
,,,2.39,80.4,95,
,,,2.392,80,93.75,
,,,2.394,84.8,108.75,
,,,2.396,88.4,120,
,,,2.398,90.8,127.5,
,,,2.4,93.6,136.25,
,,,2.402,93.6,136.25,
,,,2.404,90.8,127.5,
,,,2.406,91.2,128.75,
,,,2.408,86.4,113.75,
,,,2.41,80,93.75,
,,,2.412,74,75,
,,,2.414,69.6,61.25,
,,,2.416,70,62.5,
,,,2.418,73.2,72.5,
,,,2.42,73.2,72.5,
,,,2.422,78,87.5,
,,,2.424,82.8,102.5,
,,,2.426,86.8,115,
,,,2.428,90,125,
,,,2.43,92.4,132.5,
,,,2.432,93.2,135,
,,,2.434,93.6,136.25,
,,,2.436,92.4,132.5,
,,,2.438,87.6,117.5,
,,,2.44,82,100,
,,,2.442,75.6,80,
,,,2.444,70.4,63.75,
,,,2.446,69.6,61.25,
,,,2.448,69.6,61.25,
,,,2.45,72.4,70,
,,,2.452,76.4,82.5,
,,,2.454,81.2,97.5,
,,,2.456,86,112.5,
,,,2.458,89.2,122.5,
,,,2.46,92,131.25,
,,,2.462,92.4,132.5,
,,,2.464,94.4,138.75,
,,,2.466,92.4,132.5,
,,,2.468,89.2,122.5,
,,,2.47,82.8,102.5,
,,,2.472,76.4,82.5,
,,,2.474,70.4,63.75,
,,,2.476,70.4,63.75,
,,,2.478,68,56.25,
,,,2.48,69.6,61.25,
,,,2.482,74,75,
,,,2.484,79.2,91.25,
,,,2.486,83.2,103.75,
,,,2.488,86.8,115,
,,,2.49,87.6,117.5,
,,,2.492,90,125,
,,,2.494,92.8,133.75,
,,,2.496,94,137.5,
,,,2.498,92.8,133.75,
,,,2.5,88.4,120,
,,,2.502,82.8,102.5,
,,,2.504,82.8,102.5,
,,,2.506,76.4,82.5,
,,,2.508,70.8,65,
,,,2.51,68.8,58.75,
,,,2.512,71.2,66.25,
,,,2.514,75.6,80,
,,,2.516,80,93.75,
,,,2.518,80.4,95,
,,,2.52,84.8,108.75,
,,,2.522,88.4,120,
,,,2.524,90.8,127.5,
,,,2.526,93.6,136.25,
,,,2.528,93.2,135,
,,,2.53,90.8,127.5,
,,,2.532,90.8,127.5,
,,,2.534,85.6,111.25,
,,,2.536,78.8,90,
,,,2.538,73.2,72.5,
,,,2.54,69.6,61.25,
,,,2.542,70.4,63.75,
,,,2.544,73.2,72.5,
,,,2.546,73.2,72.5,
,,,2.548,78.4,88.75,
,,,2.55,82.8,102.5,
,,,2.552,87.2,116.25,
,,,2.554,90.8,127.5,
,,,2.556,92.8,133.75,
,,,2.558,93.6,136.25,
,,,2.56,93.6,136.25,
,,,2.562,91.2,128.75,
,,,2.564,87.2,116.25,
,,,2.566,81.2,97.5,
,,,2.568,74,75,
,,,2.57,69.6,61.25,
,,,2.572,68.8,58.75,
,,,2.574,69.2,60,
,,,2.576,72,68.75,
,,,2.578,76.8,83.75,
,,,2.58,81.2,97.5,
,,,2.582,85.2,110,
,,,2.584,88.8,121.25,
,,,2.586,92,131.25,
,,,2.588,91.6,130,
,,,2.59,93.6,136.25,
,,,2.592,93.6,136.25,
,,,2.594,90.4,126.25,
,,,2.596,84,106.25,
,,,2.598,77.6,86.25,
,,,2.6,71.2,66.25,
,,,2.602,72,68.75,
,,,2.604,68,56.25,
,,,2.606,69.2,60,
,,,2.608,73.6,73.75,
,,,2.61,78,87.5,
,,,2.612,82.8,102.5,
,,,2.614,86.8,115,
,,,2.616,86.8,115,
,,,2.618,90,125,
,,,2.62,93.2,135,
,,,2.622,94.4,138.75,
,,,2.624,92.4,132.5,
,,,2.626,88.8,121.25,
,,,2.628,82.8,102.5,
,,,2.63,82,100,
,,,2.632,76,81.25,
,,,2.634,70.8,65,
,,,2.636,69.2,60,
,,,2.638,70.8,65,
,,,2.64,75.6,80,
,,,2.642,80.4,95,
,,,2.644,80.4,95,
,,,2.646,84.4,107.5,
,,,2.648,88.8,121.25,
,,,2.65,91.6,130,
,,,2.652,94,137.5,
,,,2.654,94,137.5,
,,,2.656,90.8,127.5,
,,,2.658,90,125,
,,,2.66,85.2,110,
,,,2.662,77.6,86.25,
,,,2.664,71.2,66.25,
,,,2.666,68,56.25,
,,,2.668,68.8,58.75,
,,,2.67,72.8,71.25,
,,,2.672,77.6,86.25,
,,,2.674,77.2,85,
,,,2.676,82.4,101.25,
,,,2.678,86.4,113.75,
,,,2.68,89.2,122.5,
,,,2.682,92,131.25,
,,,2.684,94.4,138.75,
,,,2.686,93.6,136.25,
,,,2.688,94.4,138.75,
,,,2.69,90.8,127.5,
,,,2.692,84.8,108.75,
,,,2.694,78,87.5,
,,,2.696,71.6,67.5,
,,,2.698,68.8,58.75,
,,,2.7,69.6,61.25,
,,,2.702,69.2,60,
,,,2.704,73.2,72.5,
,,,2.706,78.4,88.75,
,,,2.708,82.4,101.25,
,,,2.71,87.2,116.25,
,,,2.712,90,125,
,,,2.714,92,131.25,
,,,2.716,92.4,132.5,
,,,2.718,94,137.5,
,,,2.72,92.4,132.5,
,,,2.722,89.2,122.5,
,,,2.724,82.8,102.5,
,,,2.726,76.8,83.75,
,,,2.728,71.2,66.25,
,,,2.73,71.2,66.25,
,,,2.732,69.2,60,
,,,2.734,71.6,67.5,
,,,2.736,74.8,77.5,
,,,2.738,80.4,95,
,,,2.74,85.2,110,
,,,2.742,88,118.75,
,,,2.744,88.4,120,
,,,2.746,91.6,130,
,,,2.748,93.2,135,
,,,2.75,94.4,138.75,
,,,2.752,90.8,127.5,
,,,2.754,84.4,107.5,
,,,2.756,78,87.5,
,,,2.758,77.6,86.25,
,,,2.76,72,68.75,
,,,2.762,68.8,58.75,
,,,2.764,68.8,58.75,
,,,2.766,72.4,70,
,,,2.768,78,87.5,
,,,2.77,82,100,
,,,2.772,82.4,101.25,
,,,2.774,86,112.5,
,,,2.776,89.2,122.5,
,,,2.778,92.4,132.5,
,,,2.78,94.4,138.75,
,,,2.782,93.6,136.25,
,,,2.784,90.4,126.25,
,,,2.786,90.4,126.25,
,,,2.788,84.8,108.75,
,,,2.79,77.6,86.25,
,,,2.792,70.8,65,
,,,2.794,68.4,57.5,
,,,2.796,69.2,60,
,,,2.798,73.2,72.5,
,,,2.8,73.6,73.75,
,,,2.802,78,87.5,
,,,2.804,82.4,101.25,
,,,2.806,86.8,115,
,,,2.808,90.4,126.25,
,,,2.81,92,131.25,
,,,2.812,94.4,138.75,
,,,2.814,94.4,138.75,
,,,2.816,93.2,135,
,,,2.818,90,125,
,,,2.82,79.2,91.25,
,,,2.822,77.6,86.25,
,,,2.824,72.4,70,
,,,2.826,70.8,65,
,,,2.828,73.2,72.5,
,,,2.83,73.6,73.75,
,,,2.832,77.2,85,
,,,2.834,82,100,
,,,2.836,86.4,113.75,
,,,2.838,89.2,122.5,
,,,2.84,92.4,132.5,
,,,2.842,92.8,133.75,
,,,2.844,93.2,135,
,,,2.846,91.2,128.75,
,,,2.848,86.4,113.75,
,,,2.85,80.4,95,
,,,2.852,74,75,
,,,2.854,69.6,61.25,
,,,2.856,69.6,61.25,
,,,2.858,69.2,60,
,,,2.86,72.4,70,
,,,2.862,77.2,85,
,,,2.864,82,100,
,,,2.866,85.2,110,
,,,2.868,89.6,123.75,
,,,2.87,92,131.25,
,,,2.872,92,131.25,
,,,2.874,94,137.5,
,,,2.876,92.8,133.75,
,,,2.878,89.6,123.75,
,,,2.88,82.8,102.5,
,,,2.882,75.6,80,
,,,2.884,70.4,63.75,
,,,2.886,70.4,63.75,
,,,2.888,68,56.25,
,,,2.89,70.4,63.75,
,,,2.892,74.4,76.25,
,,,2.894,79.2,91.25,
,,,2.896,84,106.25,
,,,2.898,87.2,116.25,
,,,2.9,87.6,117.5,
,,,2.902,91.2,128.75,
,,,2.904,92.8,133.75,
,,,2.906,94,137.5,
,,,2.908,91.6,130,
,,,2.91,86.8,115,
,,,2.912,81.2,97.5,
,,,2.914,80.8,96.25,
,,,2.916,75.2,78.75,
,,,2.918,70.8,65,
,,,2.92,70,62.5,
,,,2.922,72.8,71.25,
,,,2.924,77.6,86.25,
,,,2.926,82.8,102.5,
,,,2.928,82.4,101.25,
,,,2.93,86.8,115,
,,,2.932,90,125,
,,,2.934,93.2,135,
,,,2.936,93.2,135,
,,,2.938,91.2,128.75,
,,,2.94,86.8,115,
,,,2.942,86.8,115,
,,,2.944,80,93.75,
,,,2.946,74.4,76.25,
,,,2.948,69.6,61.25,
,,,2.95,68.8,58.75,
,,,2.952,72.4,70,
,,,2.954,76.8,83.75,
,,,2.956,76.4,82.5,
,,,2.958,81.6,98.75,
,,,2.96,85.6,111.25,
,,,2.962,89.2,122.5,
,,,2.964,92.4,132.5,
,,,2.966,94,137.5,
,,,2.968,94.4,138.75,
,,,2.97,94,137.5,
,,,2.972,90,125,
,,,2.974,84,106.25,
,,,2.976,77.2,85,
,,,2.978,70.4,63.75,
,,,2.98,68.4,57.5,
,,,2.982,69.2,60,
,,,2.984,68.8,58.75,
,,,2.986,73.2,72.5,
,,,2.988,78.4,88.75,
,,,2.99,82.8,102.5,
,,,2.992,87.2,116.25,
,,,2.994,89.6,123.75,
,,,2.996,93.2,135,
,,,2.998,93.2,135,
,,,3,93.6,136.25,
,,,3.002,93.2,135,
,,,3.004,89.2,122.5,
,,,3.006,82.8,102.5,
,,,3.008,76.8,83.75,
,,,3.01,71.2,66.25,
,,,3.012,71.2,66.25,
,,,3.014,70,62.5,
,,,3.016,71.2,66.25,
,,,3.018,74.8,77.5,
,,,3.02,80.4,95,
,,,3.022,84.4,107.5,
,,,3.024,88.8,121.25,
,,,3.026,88,118.75,
,,,3.028,91.2,128.75,
,,,3.03,94.4,138.75,
,,,3.032,93.6,136.25,
,,,3.034,90.4,126.25,
,,,3.036,85.2,110,
,,,3.038,78,87.5,
,,,3.04,77.6,86.25,
,,,3.042,72,68.75,
,,,3.044,68,56.25,
,,,3.046,69.2,60,
,,,3.048,72.8,71.25,
,,,3.05,77.6,86.25,
,,,3.052,82.4,101.25,
,,,3.054,82.8,102.5,
,,,3.056,86.4,113.75,
,,,3.058,90,125,
,,,3.06,92.4,132.5,
,,,3.062,93.6,136.25,
,,,3.064,93.6,136.25,
,,,3.066,90,125,
,,,3.068,90,125,
,,,3.07,84,106.25,
,,,3.072,76.8,83.75,
,,,3.074,70.4,63.75,
,,,3.076,68.4,57.5,
,,,3.078,69.6,61.25,
,,,3.08,73.6,73.75,
,,,3.082,74,75,
,,,3.084,78.4,88.75,
,,,3.086,83.6,105,
,,,3.088,87.2,116.25,
,,,3.09,90,125,
,,,3.092,93.2,135,
,,,3.094,94,137.5,
,,,3.096,93.6,136.25,
,,,3.098,92.4,132.5,
,,,3.1,89.2,122.5,
,,,3.102,82.4,101.25,
,,,3.104,76.4,82.5,
,,,3.106,71.2,66.25,
,,,3.108,68.8,58.75,
,,,3.11,69.6,61.25,
,,,3.112,71.2,66.25,
,,,3.114,76,81.25,
,,,3.116,80.8,96.25,
,,,3.118,84,106.25,
,,,3.12,89.2,122.5,
,,,3.122,91.6,130,
,,,3.124,91.2,128.75,
,,,3.126,93.2,135,
,,,3.128,94,137.5,
,,,3.13,90.4,126.25,
,,,3.132,84.8,108.75,
,,,3.134,78.4,88.75,
,,,3.136,71.2,66.25,
,,,3.138,72,68.75,
,,,3.14,69.2,60,
,,,3.142,69.2,60,
,,,3.144,73.2,72.5,
,,,3.146,77.6,86.25,
,,,3.148,83.2,103.75,
,,,3.15,86.8,115,
,,,3.152,86.4,113.75,
,,,3.154,90,125,
,,,3.156,92.4,132.5,
,,,3.158,93.2,135,
,,,3.16,93.2,135,
,,,3.162,89.6,123.75,
,,,3.164,82.8,102.5,
,,,3.166,82.8,102.5,
,,,3.168,76.4,82.5,
,,,3.17,70.4,63.75,
,,,3.172,68.4,57.5,
,,,3.174,70.4,63.75,
,,,3.176,74.4,76.25,
,,,3.178,79.2,91.25,
,,,3.18,79.2,91.25,
,,,3.182,84,106.25,
,,,3.184,87.6,117.5,
,,,3.186,90.4,126.25,
,,,3.188,93.2,135,
,,,3.19,94,137.5,
,,,3.192,92,131.25,
,,,3.194,92,131.25,
,,,3.196,88,118.75,
,,,3.198,80.8,96.25,
,,,3.2,75.2,78.75,
,,,3.202,70.4,63.75,
,,,3.204,69.6,61.25,
,,,3.206,72,68.75,
,,,3.208,72,68.75,
,,,3.21,77.2,85,
,,,3.212,82,100,
,,,3.214,86,112.5,
,,,3.216,89.6,123.75,
,,,3.218,92.4,132.5,
,,,3.22,93.2,135,
,,,3.222,93.6,136.25,
,,,3.224,92.4,132.5,
,,,3.226,88.8,121.25,
,,,3.228,81.6,98.75,
,,,3.23,75.6,80,
,,,3.232,70.8,65,
,,,3.234,68.8,58.75,
,,,3.236,68.8,58.75,
,,,3.238,71.6,67.5,
,,,3.24,75.6,80,
,,,3.242,80.4,95,
,,,3.244,84.8,108.75,
,,,3.246,88,118.75,
,,,3.248,91.2,128.75,
,,,3.25,91.6,130,
,,,3.252,93.6,136.25,
,,,3.254,93.6,136.25,
,,,3.256,91.2,128.75,
,,,3.258,85.2,110,
,,,3.26,78.4,88.75,
,,,3.262,72.4,70,
,,,3.264,72.8,71.25,
,,,3.266,68.8,58.75,
,,,3.268,69.2,60,
,,,3.27,72.8,71.25,
,,,3.272,78,87.5,
,,,3.274,82,100,
,,,3.276,86,112.5,
,,,3.278,86,112.5,
,,,3.28,90,125,
,,,3.282,92,131.25,
,,,3.284,94,137.5,
,,,3.286,93.6,136.25,
,,,3.288,89.6,123.75,
,,,3.29,84,106.25,
,,,3.292,83.6,105,
,,,3.294,76.4,82.5,
,,,3.296,71.2,66.25,
,,,3.298,68.4,57.5,
,,,3.3,70.4,63.75,
,,,3.302,74,75,
,,,3.304,78.4,88.75,
,,,3.306,79.2,91.25,
,,,3.308,84,106.25,
,,,3.31,87.6,117.5,
,,,3.312,90.8,127.5,
,,,3.314,93.2,135,
,,,3.316,93.2,135,
,,,3.318,92,131.25,
,,,3.32,92,131.25,
,,,3.322,87.2,116.25,
,,,3.324,80.8,96.25,
,,,3.326,74.4,76.25,
,,,3.328,70.4,63.75,
,,,3.33,69.2,60,
,,,3.332,72,68.75,
,,,3.334,72.4,70,
,,,3.336,77.2,85,
,,,3.338,81.6,98.75,
,,,3.34,86,112.5,
,,,3.342,89.2,122.5,
,,,3.344,92,131.25,
,,,3.346,94.4,138.75,
,,,3.348,94.4,138.75,
,,,3.35,92.8,133.75,
,,,3.352,89.6,123.75,
,,,3.354,82.8,102.5,
,,,3.356,75.6,80,
,,,3.358,70.4,63.75,
,,,3.36,67.6,55,
,,,3.362,68,56.25,
,,,3.364,69.6,61.25,
,,,3.366,74.4,76.25,
,,,3.368,79.2,91.25,
,,,3.37,83.2,103.75,
,,,3.372,87.2,116.25,
,,,3.374,90.4,126.25,
,,,3.376,90.4,126.25,
,,,3.378,92.4,132.5,
,,,3.38,94,137.5,
,,,3.382,92.8,133.75,
,,,3.384,88.4,120,
,,,3.386,82.8,102.5,
,,,3.388,76.4,82.5,
,,,3.39,76,81.25,
,,,3.392,70.8,65,
,,,3.394,68.4,57.5,
,,,3.396,71.6,67.5,
,,,3.398,76,81.25,
,,,3.4,80.4,95,
,,,3.402,84.8,108.75,
,,,3.404,84.8,108.75,
,,,3.406,88.4,120,
,,,3.408,91.2,128.75,
,,,3.41,93.6,136.25,
,,,3.412,93.6,136.25,
,,,3.414,90.4,126.25,
,,,3.416,80.8,96.25,
,,,3.418,78.4,88.75,
,,,3.42,78.8,90,
,,,3.422,73.6,73.75,
,,,3.424,71.6,67.5,
,,,3.426,72.8,71.25,
,,,3.428,76.4,82.5,
,,,3.43,81.2,97.5,
,,,3.432,85.2,110,
,,,3.434,84.8,108.75,
,,,3.436,88.4,120,
,,,3.438,91.6,130,
,,,3.44,92.4,132.5,
,,,3.442,91.2,128.75,
,,,3.444,87.6,117.5,
,,,3.446,80.4,95,
,,,3.448,80.8,96.25,
,,,3.45,74.4,76.25,
,,,3.452,69.6,61.25,
,,,3.454,68.8,58.75,
,,,3.456,71.2,66.25,
,,,3.458,76.8,83.75,
,,,3.46,80.8,96.25,
,,,3.462,80.8,96.25,
,,,3.464,85.2,110,
,,,3.466,88.8,121.25,
,,,3.468,90.8,127.5,
,,,3.47,93.6,136.25,
,,,3.472,93.2,135,
,,,3.474,90,125,
,,,3.476,90,125,
,,,3.478,85.2,110,
,,,3.48,77.6,86.25,
,,,3.482,72.4,70,
,,,3.484,69.2,60,
,,,3.486,70,62.5,
,,,3.488,73.6,73.75,
,,,3.49,73.6,73.75,
,,,3.492,78.8,90,
,,,3.494,83.2,103.75,
,,,3.496,86.8,115,
,,,3.498,90.4,126.25,
,,,3.5,93.6,136.25,
,,,3.502,93.2,135,
,,,3.504,93.6,136.25,
,,,3.506,92,131.25,
,,,3.508,87.6,117.5,
,,,3.51,81.6,98.75,
,,,3.512,75.6,80,
,,,3.514,70,62.5,
,,,3.516,69.6,61.25,
,,,3.518,69.2,60,
,,,3.52,71.6,67.5,
,,,3.522,76.4,82.5,
,,,3.524,81.2,97.5,
,,,3.526,86,112.5,
,,,3.528,88.8,121.25,
,,,3.53,91.6,130,
,,,3.532,92,131.25,
,,,3.534,94.4,138.75,
,,,3.536,93.2,135,
,,,3.538,90,125,
,,,3.54,84,106.25,
,,,3.542,76.8,83.75,
,,,3.544,70.4,63.75,
,,,3.546,70.4,63.75,
,,,3.548,66.8,52.5,
,,,3.55,68.8,58.75,
,,,3.552,72.8,71.25,
,,,3.554,77.6,86.25,
,,,3.556,82.4,101.25,
,,,3.558,86,112.5,
,,,3.56,86.4,113.75,
,,,3.562,89.6,123.75,
,,,3.564,92,131.25,
,,,3.566,94.4,138.75,
,,,3.568,94,137.5,
,,,3.57,90.8,127.5,
,,,3.572,84.8,108.75,
,,,3.574,85.6,111.25,
,,,3.576,78,87.5,
,,,3.578,72.4,70,
,,,3.58,69.2,60,
,,,3.582,69.2,60,
,,,3.584,73.6,73.75,
,,,3.586,78,87.5,
,,,3.588,78.4,88.75,
,,,3.59,83.2,103.75,
,,,3.592,86.8,115,
,,,3.594,90.4,126.25,
,,,3.596,92.8,133.75,
,,,3.598,93.6,136.25,
,,,3.6,92.4,132.5,
,,,3.602,92.4,132.5,
,,,3.604,88,118.75,
,,,3.606,82.4,101.25,
,,,3.608,76,81.25,
,,,3.61,70.4,63.75,
,,,3.612,69.2,60,
,,,3.614,72,68.75,
,,,3.616,72,68.75,
,,,3.618,76.4,82.5,
,,,3.62,80.8,96.25,
,,,3.622,85.2,110,
,,,3.624,89.2,122.5,
,,,3.626,92,131.25,
,,,3.628,94.4,138.75,
,,,3.63,94.4,138.75,
,,,3.632,93.2,135,
,,,3.634,90,125,
,,,3.636,84,106.25,
,,,3.638,76,81.25,
,,,3.64,70.4,63.75,
,,,3.642,67.2,53.75,
,,,3.644,67.6,55,
,,,3.646,68.8,58.75,
,,,3.648,72.8,71.25,
,,,3.65,78,87.5,
,,,3.652,82.4,101.25,
,,,3.654,86,112.5,
,,,3.656,90,125,
,,,3.658,89.6,123.75,
,,,3.66,92,131.25,
,,,3.662,94.4,138.75,
,,,3.664,94.4,138.75,
,,,3.666,90.4,126.25,
,,,3.668,85.2,110,
,,,3.67,78,87.5,
,,,3.672,78,87.5,
,,,3.674,72.4,70,
,,,3.676,68,56.25,
,,,3.678,70,62.5,
,,,3.68,73.2,72.5,
,,,3.682,78.4,88.75,
,,,3.684,83.2,103.75,
,,,3.686,83.2,103.75,
,,,3.688,86.8,115,
,,,3.69,90,125,
,,,3.692,92.8,133.75,
,,,3.694,93.6,136.25,
,,,3.696,92.8,133.75,
,,,3.698,88.4,120,
,,,3.7,88,118.75,
,,,3.702,82.8,102.5,
,,,3.704,76.4,82.5,
,,,3.706,70.8,65,
,,,3.708,69.6,61.25,
,,,3.71,71.6,67.5,
,,,3.712,76,81.25,
,,,3.714,75.6,80,
,,,3.716,80.4,95,
,,,3.718,84.8,108.75,
,,,3.72,88.8,121.25,
,,,3.722,91.6,130,
,,,3.724,94,137.5,
,,,3.726,93.6,136.25,
,,,3.728,92.8,133.75,
,,,3.73,90,125,
,,,3.732,84,106.25,
,,,3.734,77.2,85,
,,,3.736,70.8,65,
,,,3.738,68,56.25,
,,,3.74,69.2,60,
,,,3.742,69.2,60,
,,,3.744,30,-62.5,
,,,3.746,30,-62.5,
,,,3.748,30,-62.5,
,,,3.75,30,-62.5,
,,,3.752,30,-62.5,
,,,3.754,30,-62.5,
,,,3.756,30,-62.5,
,,,3.758,30,-62.5,
,,,3.76,30,-62.5,
,,,3.762,30,-62.5,
,,,3.764,30,-62.5,
,,,3.766,30,-62.5,
,,,3.768,30,-62.5,
,,,3.77,30,-62.5,
,,,3.772,30,-62.5,
,,,3.774,30,-62.5,
,,,3.776,30,-62.5,
,,,3.778,30,-62.5,
,,,3.78,30,-62.5,
,,,3.782,30,-62.5,
,,,3.784,30,-62.5,
,,,3.786,30,-62.5,
,,,3.788,30,-62.5,
,,,3.79,30,-62.5,
,,,3.792,30,-62.5,
,,,3.794,30,-62.5,
,,,3.796,30,-62.5,
,,,3.798,30,-62.5,
,,,3.8,30,-62.5,
,,,3.802,30,-62.5,
,,,3.804,30,-62.5,
,,,3.806,30,-62.5,
,,,3.808,30,-62.5,
,,,3.81,30,-62.5,
,,,3.812,30,-62.5,
,,,3.814,30,-62.5,
,,,3.816,30,-62.5,
,,,3.818,30,-62.5,
,,,3.82,30,-62.5,
,,,3.822,30,-62.5,
,,,3.824,30,-62.5,
,,,3.826,30,-62.5,
,,,3.828,30,-62.5,
,,,3.83,30,-62.5,
,,,3.832,30,-62.5,
,,,3.834,30,-62.5,
,,,3.836,30,-62.5,
,,,3.838,30,-62.5,
,,,3.84,30,-62.5,
,,,3.842,30,-62.5,
,,,3.844,30,-62.5,
,,,3.846,30,-62.5,
,,,3.848,30,-62.5,
,,,3.85,30,-62.5,
,,,3.852,30,-62.5,
,,,3.854,30,-62.5,
,,,3.856,30,-62.5,
,,,3.858,30,-62.5,
,,,3.86,30,-62.5,
,,,3.862,30,-62.5,
,,,3.864,30,-62.5,
,,,3.866,30,-62.5,
,,,3.868,30,-62.5,
,,,3.87,30,-62.5,
,,,3.872,30,-62.5,
,,,3.874,30,-62.5,
,,,3.876,30,-62.5,
,,,3.878,30,-62.5,
,,,3.88,30,-62.5,
,,,3.882,30,-62.5,
,,,3.884,30,-62.5,
,,,3.886,30,-62.5,
,,,3.888,30,-62.5,
,,,3.89,30,-62.5,
,,,3.892,30,-62.5,
,,,3.894,30,-62.5,
,,,3.896,30,-62.5,
,,,3.898,30,-62.5,
,,,3.9,30,-62.5,
,,,3.902,30,-62.5,
,,,3.904,30,-62.5,
,,,3.906,30,-62.5,
,,,3.908,30,-62.5,
,,,3.91,30,-62.5,
,,,3.912,30,-62.5,
,,,3.914,30,-62.5,
,,,3.916,30,-62.5,
,,,3.918,30,-62.5,
,,,3.92,30,-62.5,
,,,3.922,30,-62.5,
,,,3.924,30,-62.5,
,,,3.926,30,-62.5,
,,,3.928,30,-62.5,
,,,3.93,30,-62.5,
,,,3.932,30,-62.5,
,,,3.934,30,-62.5,
,,,3.936,30,-62.5,
,,,3.938,30,-62.5,
,,,3.94,30,-62.5,
,,,3.942,30,-62.5,
,,,3.944,30,-62.5,
,,,3.946,30,-62.5,
,,,3.948,30,-62.5,
,,,3.95,30,-62.5,
,,,3.952,30,-62.5,
,,,3.954,30,-62.5,
,,,3.956,30,-62.5,
,,,3.958,30,-62.5,
,,,3.96,30,-62.5,
,,,3.962,30,-62.5,
,,,3.964,30,-62.5,
,,,3.966,30,-62.5,
,,,3.968,30,-62.5,
,,,3.97,30,-62.5,
,,,3.972,30,-62.5,
,,,3.974,30,-62.5,
,,,3.976,30,-62.5,
,,,3.978,30,-62.5,
,,,3.98,30,-62.5,
,,,3.982,30,-62.5,
,,,3.984,30,-62.5,
,,,3.986,30,-62.5,
,,,3.988,30,-62.5,
,,,3.99,30,-62.5,
,,,3.992,30,-62.5,
,,,3.994,30,-62.5,
,,,3.996,30,-62.5,
,,,3.998,30,-62.5,
,,,4,30,-62.5,
,,,4.002,30,-62.5,
,,,4.004,30,-62.5,
,,,4.006,30,-62.5,
,,,4.008,30,-62.5,
,,,4.01,30,-62.5,
,,,4.012,30,-62.5,
,,,4.014,30,-62.5,
,,,4.016,30,-62.5,
,,,4.018,30,-62.5,
,,,4.02,30,-62.5,
,,,4.022,30,-62.5,
,,,4.024,30,-62.5,
,,,4.026,30,-62.5,
,,,4.028,30,-62.5,
,,,4.03,30,-62.5,
,,,4.032,30,-62.5,
,,,4.034,30,-62.5,
,,,4.036,30,-62.5,
,,,4.038,30,-62.5,
,,,4.04,30,-62.5,
,,,4.042,30,-62.5,
,,,4.044,30,-62.5,
,,,4.046,30,-62.5,
,,,4.048,30,-62.5,
,,,4.05,30,-62.5,
,,,4.052,30,-62.5,
,,,4.054,30,-62.5,
,,,4.056,30,-62.5,
,,,4.058,30,-62.5,
,,,4.06,30,-62.5,
,,,4.062,30,-62.5,
,,,4.064,30,-62.5,
,,,4.066,30,-62.5,
,,,4.068,30,-62.5,
,,,4.07,30,-62.5,
,,,4.072,30,-62.5,
,,,4.074,30,-62.5,
,,,4.076,30,-62.5,
,,,4.078,30,-62.5,
,,,4.08,30,-62.5,
,,,4.082,30,-62.5,
,,,4.084,30,-62.5,
,,,4.086,30,-62.5,
,,,4.088,30,-62.5,
,,,4.09,30,-62.5,
,,,4.092,30,-62.5,
,,,4.094,30,-62.5,
,,,4.096,30,-62.5,
,,,4.098,30,-62.5,
,,,4.1,30,-62.5,
,,,4.102,30,-62.5,
,,,4.104,30,-62.5,
,,,4.106,30,-62.5,
,,,4.108,30,-62.5,
,,,4.11,30,-62.5,
,,,4.112,30,-62.5,
,,,4.114,30,-62.5,
,,,4.116,30,-62.5,
,,,4.118,30,-62.5,
,,,4.12,30,-62.5,
,,,4.122,30,-62.5,
,,,4.124,30,-62.5,
,,,4.126,30,-62.5,
,,,4.128,30,-62.5,
,,,4.13,30,-62.5,
,,,4.132,30,-62.5,
,,,4.134,30,-62.5,
,,,4.136,30,-62.5,
,,,4.138,30,-62.5,
,,,4.14,30,-62.5,
,,,4.142,30,-62.5,
,,,4.144,30,-62.5,
,,,4.146,30,-62.5,
,,,4.148,30,-62.5,
,,,4.15,30,-62.5,
,,,4.152,30,-62.5,
,,,4.154,30,-62.5,
,,,4.156,30,-62.5,
,,,4.158,30,-62.5,
,,,4.16,30,-62.5,
,,,4.162,30,-62.5,
,,,4.164,30,-62.5,
,,,4.166,30,-62.5,
,,,4.168,30,-62.5,
,,,4.17,30,-62.5,
,,,4.172,30,-62.5,
,,,4.174,30,-62.5,
,,,4.176,30,-62.5,
,,,4.178,30,-62.5,
,,,4.18,30,-62.5,
,,,4.182,30,-62.5,
,,,4.184,30,-62.5,
,,,4.186,30,-62.5,
,,,4.188,30,-62.5,
,,,4.19,30,-62.5,
,,,4.192,30,-62.5,
,,,4.194,30,-62.5,
,,,4.196,30,-62.5,
,,,4.198,30,-62.5,
,,,4.2,30,-62.5,
,,,4.202,30,-62.5,
,,,4.204,30,-62.5,
,,,4.206,30,-62.5,
,,,4.208,30,-62.5,
,,,4.21,30,-62.5,
,,,4.212,30,-62.5,
,,,4.214,30,-62.5,
,,,4.216,30,-62.5,
,,,4.218,30,-62.5,
,,,4.22,30,-62.5,
,,,4.222,30,-62.5,
,,,4.224,30,-62.5,
,,,4.226,30,-62.5,
,,,4.228,30,-62.5,
,,,4.23,30,-62.5,
,,,4.232,30,-62.5,
,,,4.234,30,-62.5,
,,,4.236,30,-62.5,
,,,4.238,30,-62.5,
,,,4.24,30,-62.5,
,,,4.242,30,-62.5,
,,,4.244,50.4,1.25,
,,,4.246,50,0,
,,,4.248,50,0,
,,,4.25,50,0,
,,,4.252,50,0,
,,,4.254,50.4,1.25,
,,,4.256,50,0,
,,,4.258,49.6,-1.25,
,,,4.26,50,0,
,,,4.262,50,0,
,,,4.264,50.4,1.25,
,,,4.266,49.6,-1.25,
,,,4.268,49.6,-1.25,
,,,4.27,50,0,
,,,4.272,50,0,
,,,4.274,49.6,-1.25,
,,,4.276,50,0,
,,,4.278,49.6,-1.25,
,,,4.28,50,0,
,,,4.282,49.6,-1.25,
,,,4.284,49.6,-1.25,
,,,4.286,50,0,
,,,4.288,49.6,-1.25,
,,,4.29,50,0,
,,,4.292,49.6,-1.25,
,,,4.294,50,0,
,,,4.296,50,0,
,,,4.298,50,0,
,,,4.3,50,0,
,,,4.302,50,0,
,,,4.304,50,0,
,,,4.306,50,0,
,,,4.308,49.6,-1.25,
,,,4.31,50,0,
,,,4.312,49.6,-1.25,
,,,4.314,50.4,1.25,
,,,4.316,50,0,
,,,4.318,49.6,-1.25,
,,,4.32,49.6,-1.25,
,,,4.322,49.6,-1.25,
,,,4.324,50,0,
,,,4.326,50,0,
,,,4.328,50,0,
,,,4.33,50,0,
,,,4.332,49.6,-1.25,
,,,4.334,50,0,
,,,4.336,50,0,
,,,4.338,50,0,
,,,4.34,50,0,
,,,4.342,50,0,
,,,4.344,50,0,
,,,4.346,50,0,
,,,4.348,50,0,
,,,4.35,50,0,
,,,4.352,49.6,-1.25,
,,,4.354,50,0,
,,,4.356,50,0,
,,,4.358,50,0,
,,,4.36,50,0,
,,,4.362,49.6,-1.25,
,,,4.364,50.4,1.25,
,,,4.366,50,0,
,,,4.368,50.4,1.25,
,,,4.37,50,0,
,,,4.372,49.6,-1.25,
,,,4.374,50,0,
,,,4.376,50,0,
,,,4.378,50,0,
,,,4.38,50,0,
,,,4.382,50,0,
,,,4.384,50,0,
,,,4.386,49.6,-1.25,
,,,4.388,50,0,
,,,4.39,50,0,
,,,4.392,50,0,
,,,4.394,50,0,
,,,4.396,50,0,
,,,4.398,50,0,
,,,4.4,50,0,
,,,4.402,49.6,-1.25,
,,,4.404,50,0,
,,,4.406,49.6,-1.25,
,,,4.408,50,0,
,,,4.41,49.6,-1.25,
,,,4.412,49.6,-1.25,
,,,4.414,50,0,
,,,4.416,50,0,
,,,4.418,50,0,
,,,4.42,50,0,
,,,4.422,49.6,-1.25,
,,,4.424,50,0,
,,,4.426,50,0,
,,,4.428,49.6,-1.25,
,,,4.43,50,0,
,,,4.432,49.6,-1.25,
,,,4.434,50,0,
,,,4.436,50,0,
,,,4.438,50,0,
,,,4.44,50,0,
,,,4.442,50,0,
,,,4.444,49.6,-1.25,
,,,4.446,49.6,-1.25,
,,,4.448,49.6,-1.25,
,,,4.45,50.4,1.25,
,,,4.452,49.6,-1.25,
,,,4.454,50,0,
,,,4.456,50,0,
,,,4.458,50,0,
,,,4.46,49.6,-1.25,
,,,4.462,50,0,
,,,4.464,50,0,
,,,4.466,50,0,
,,,4.468,49.6,-1.25,
,,,4.47,50,0,
,,,4.472,50,0,
,,,4.474,50,0,
,,,4.476,49.6,-1.25,
,,,4.478,50,0,
,,,4.48,50,0,
,,,4.482,50,0,
,,,4.484,50.4,1.25,
,,,4.486,49.6,-1.25,
,,,4.488,50,0,
,,,4.49,49.6,-1.25,
,,,4.492,50,0,
,,,4.494,50,0,
,,,4.496,49.6,-1.25,
,,,4.498,50,0,
,,,4.5,50,0,
,,,4.502,50,0,
,,,4.504,50,0,
,,,4.506,49.6,-1.25,
,,,4.508,50,0,
,,,4.51,50,0,
,,,4.512,50,0,
,,,4.514,50,0,
,,,4.516,49.6,-1.25,
,,,4.518,50,0,
,,,4.52,49.6,-1.25,
,,,4.522,50,0,
,,,4.524,50,0,
,,,4.526,50,0,
,,,4.528,49.6,-1.25,
,,,4.53,50,0,
,,,4.532,50,0,
,,,4.534,50,0,
,,,4.536,49.6,-1.25,
,,,4.538,50,0,
,,,4.54,50,0,
,,,4.542,50,0,
,,,4.544,50,0,
,,,4.546,49.6,-1.25,
,,,4.548,50,0,
,,,4.55,50,0,
,,,4.552,50,0,
,,,4.554,50,0,
,,,4.556,49.6,-1.25,
,,,4.558,50,0,
,,,4.56,49.6,-1.25,
,,,4.562,50,0,
,,,4.564,50,0,
,,,4.566,49.6,-1.25,
,,,4.568,50.4,1.25,
,,,4.57,49.6,-1.25,
,,,4.572,49.6,-1.25,
,,,4.574,50,0,
,,,4.576,49.6,-1.25,
,,,4.578,50.4,1.25,
,,,4.58,49.6,-1.25,
,,,4.582,50,0,
,,,4.584,50,0,
,,,4.586,49.6,-1.25,
,,,4.588,50,0,
,,,4.59,49.6,-1.25,
,,,4.592,50,0,
,,,4.594,50,0,
,,,4.596,50,0,
,,,4.598,49.6,-1.25,
,,,4.6,49.6,-1.25,
,,,4.602,49.6,-1.25,
,,,4.604,50,0,
,,,4.606,50,0,
,,,4.608,50,0,
,,,4.61,49.6,-1.25,
,,,4.612,50,0,
,,,4.614,50,0,
,,,4.616,50,0,
,,,4.618,50,0,
,,,4.62,50,0,
,,,4.622,50,0,
,,,4.624,50,0,
,,,4.626,50,0,
,,,4.628,50,0,
,,,4.63,49.6,-1.25,
,,,4.632,50,0,
,,,4.634,49.6,-1.25,
,,,4.636,50,0,
,,,4.638,50,0,
,,,4.64,50,0,
,,,4.642,50,0,
,,,4.644,50,0,
,,,4.646,50.4,1.25,
,,,4.648,50,0,
,,,4.65,49.6,-1.25,
,,,4.652,50,0,
,,,4.654,50.4,1.25,
,,,4.656,50.4,1.25,
,,,4.658,50,0,
,,,4.66,50,0,
,,,4.662,50,0,
,,,4.664,50,0,
,,,4.666,50,0,
,,,4.668,50.4,1.25,
,,,4.67,49.6,-1.25,
,,,4.672,50,0,
,,,4.674,50,0,
,,,4.676,49.6,-1.25,
,,,4.678,50,0,
,,,4.68,49.6,-1.25,
,,,4.682,50.4,1.25,
,,,4.684,50,0,
,,,4.686,50,0,
,,,4.688,50,0,
,,,4.69,50,0,
,,,4.692,50,0,
,,,4.694,50,0,
,,,4.696,50,0,
,,,4.698,50,0,
,,,4.7,50,0,
,,,4.702,50,0,
,,,4.704,49.6,-1.25,
,,,4.706,50.4,1.25,
,,,4.708,50,0,
,,,4.71,50,0,
,,,4.712,50,0,
,,,4.714,50,0,
,,,4.716,50,0,
,,,4.718,50,0,
,,,4.72,50,0,
,,,4.722,50,0,
,,,4.724,50,0,
,,,4.726,50,0,
,,,4.728,50,0,
,,,4.73,50,0,
,,,4.732,50,0,
,,,4.734,49.6,-1.25,
,,,4.736,50.4,1.25,
,,,4.738,50,0,
,,,4.74,50,0,
,,,4.742,50,0,
,,,4.744,50,0,
,,,4.746,50,0,
,,,4.748,50,0,
,,,4.75,50,0,
,,,4.752,50,0,
,,,4.754,50,0,
,,,4.756,50,0,
,,,4.758,50,0,
,,,4.76,50,0,
,,,4.762,50,0,
,,,4.764,50,0,
,,,4.766,50.4,1.25,
,,,4.768,50,0,
,,,4.77,50.4,1.25,
,,,4.772,50.4,1.25,
,,,4.774,50,0,
,,,4.776,50,0,
,,,4.778,50.4,1.25,
,,,4.78,50,0,
,,,4.782,50,0,
,,,4.784,50,0,
,,,4.786,50,0,
,,,4.788,50,0,
,,,4.79,50,0,
,,,4.792,50,0,
,,,4.794,49.6,-1.25,
,,,4.796,50,0,
,,,4.798,49.6,-1.25,
,,,4.8,50,0,
,,,4.802,50,0,
,,,4.804,50,0,
,,,4.806,50.4,1.25,
,,,4.808,50,0,
,,,4.81,50,0,
,,,4.812,50,0,
,,,4.814,50,0,
,,,4.816,50,0,
,,,4.818,50,0,
,,,4.82,50,0,
,,,4.822,50,0,
,,,4.824,49.6,-1.25,
,,,4.826,50,0,
,,,4.828,50,0,
,,,4.83,50,0,
,,,4.832,50,0,
,,,4.834,49.6,-1.25,
,,,4.836,50,0,
,,,4.838,49.6,-1.25,
,,,4.84,50.4,1.25,
,,,4.842,50.4,1.25,
,,,4.844,50,0,
,,,4.846,50,0,
,,,4.848,49.6,-1.25,
,,,4.85,50,0,
,,,4.852,50,0,
,,,4.854,49.6,-1.25,
,,,4.856,50,0,
,,,4.858,49.6,-1.25,
,,,4.86,50,0,
,,,4.862,50,0,
,,,4.864,49.6,-1.25,
,,,4.866,50.4,1.25,
,,,4.868,50,0,
,,,4.87,50,0,
,,,4.872,50,0,
,,,4.874,49.6,-1.25,
,,,4.876,50,0,
,,,4.878,49.6,-1.25,
,,,4.88,50,0,
,,,4.882,50,0,
,,,4.884,50,0,
,,,4.886,50,0,
,,,4.888,49.6,-1.25,
,,,4.89,50,0,
,,,4.892,50,0,
,,,4.894,49.6,-1.25,
,,,4.896,50.4,1.25,
,,,4.898,50,0,
,,,4.9,49.6,-1.25,
,,,4.902,50,0,
,,,4.904,50,0,
,,,4.906,50,0,
,,,4.908,50,0,
,,,4.91,50,0,
,,,4.912,50,0,
,,,4.914,50.4,1.25,
,,,4.916,50,0,
,,,4.918,49.6,-1.25,
,,,4.92,50,0,
,,,4.922,50,0,
,,,4.924,50.4,1.25,
,,,4.926,50,0,
,,,4.928,49.6,-1.25,
,,,4.93,50,0,
,,,4.932,50.4,1.25,
,,,4.934,50.4,1.25,
,,,4.936,50.4,1.25,
,,,4.938,50,0,
,,,4.94,50.4,1.25,
,,,4.942,50,0,
,,,4.944,50.4,1.25,
,,,4.946,50,0,
,,,4.948,49.6,-1.25,
,,,4.95,50,0,
,,,4.952,49.6,-1.25,
,,,4.954,50.4,1.25,
,,,4.956,50,0,
,,,4.958,50,0,
,,,4.96,50,0,
,,,4.962,49.6,-1.25,
,,,4.964,50.4,1.25,
,,,4.966,50,0,
,,,4.968,49.6,-1.25,
,,,4.97,50.4,1.25,
,,,4.972,50,0,
,,,4.974,50.4,1.25,
,,,4.976,50,0,
,,,4.978,49.6,-1.25,
,,,4.98,50,0,
,,,4.982,49.6,-1.25,
,,,4.984,50,0,
,,,4.986,50,0,
,,,4.988,49.6,-1.25,
,,,4.99,50,0,
,,,4.992,50,0,
,,,4.994,50,0,
,,,4.996,50,0,
,,,4.998,49.6,-1.25,
